hour_of_day,PULocationID,pickup_count
0,1,28
0,10,621
0,100,49034
0,101,26
0,102,30
0,105,4
0,106,670
0,107,64333
0,108,20
0,109,2
0,11,14
0,111,5
0,112,2671
0,113,37910
0,114,79286
0,115,7
0,116,3801
0,117,34
0,118,9
0,119,116
0,12,440
0,120,34
0,121,43
0,122,27
0,123,28
0,124,37
0,125,15891
0,126,69
0,127,386
0,128,19
0,129,1778
0,13,9592
0,130,363
0,131,33
0,132,116751
0,133,91
0,134,146
0,135,38
0,136,157
0,137,30591
0,138,68573
0,139,20
0,14,163
0,140,17449
0,141,34911
0,142,51931
0,143,9838
0,144,43961
0,145,4668
0,146,3537
0,147,39
0,148,99806
0,149,21
0,15,8
0,150,19
0,151,8782
0,152,2420
0,153,39
0,154,9
0,155,21
0,156,13
0,157,220
0,158,50318
0,159,215
0,16,30
0,160,46
0,161,81697
0,162,59158
0,163,57056
0,164,76228
0,165,50
0,166,9499
0,167,74
0,168,697
0,169,93
0,17,991
0,170,58045
0,171,13
0,172,4
0,173,167
0,174,47
0,175,10
0,176,1
0,177,133
0,178,25
0,179,1172
0,18,63
0,180,57
0,181,5040
0,182,49
0,183,9
0,184,4
0,185,50
0,186,68569
0,187,5
0,188,495
0,189,1125
0,19,53
0,190,138
0,191,78
0,192,29
0,193,1596
0,194,139
0,195,127
0,196,314
0,197,142
0,198,159
0,2,7
0,20,49
0,200,22
0,201,8
0,202,117
0,203,32
0,204,3
0,205,89
0,206,9
0,207,42
0,208,37
0,209,8170
0,21,38
0,210,41
0,211,30831
0,212,69
0,213,61
0,214,2
0,215,252
0,216,257
0,217,430
0,218,41
0,219,213
0,22,40
0,220,72
0,221,6
0,222,19
0,223,1462
0,224,2938
0,225,544
0,226,4220
0,227,63
0,228,293
0,229,35651
0,23,15
0,230,121488
0,231,46570
0,232,7947
0,233,19485
0,234,80454
0,235,130
0,236,21818
0,237,40577
0,238,21444
0,239,34380
0,24,4940
0,240,15
0,241,71
0,242,52
0,243,746
0,244,3312
0,245,4
0,246,35218
0,247,400
0,248,50
0,249,105027
0,25,3742
0,250,53
0,251,4
0,252,28
0,253,5
0,254,69
0,255,7896
0,256,5678
0,257,114
0,258,31
0,259,27
0,26,93
0,260,1401
0,261,9925
0,262,6576
0,263,33759
0,264,22559
0,265,2783
0,27,2
0,28,300
0,29,37
0,3,19
0,31,15
0,32,26
0,33,1808
0,34,44
0,35,136
0,36,699
0,37,1108
0,38,19
0,39,94
0,4,10520
0,40,1032
0,41,9149
0,42,4484
0,43,12649
0,44,2
0,45,7820
0,46,9
0,47,75
0,48,115817
0,49,1189
0,5,9
0,50,22775
0,51,53
0,52,609
0,53,61
0,54,91
0,55,42
0,56,206
0,57,12
0,58,3
0,59,7
0,6,3
0,60,36
0,61,905
0,62,214
0,63,37
0,64,21
0,65,3545
0,66,945
0,67,24
0,68,71735
0,69,222
0,7,5328
0,70,402
0,71,93
0,72,105
0,73,10
0,74,8991
0,75,10644
0,76,220
0,77,85
0,78,51
0,79,153182
0,8,34
0,80,3184
0,81,40
0,82,1057
0,83,389
0,84,3
0,85,118
0,86,24
0,87,17949
0,88,10393
0,89,318
0,9,14
0,90,48611
0,91,79
0,92,122
0,93,992
0,94,34
0,95,403
0,96,11
0,97,4213
0,98,30
0,99,2
1,1,29
1,10,322
1,100,31745
1,101,10
1,102,27
1,105,3
1,106,450
1,107,43524
1,108,25
1,109,1
1,11,14
1,111,6
1,112,2044
1,113,22590
1,114,70210
1,115,7
1,116,2838
1,117,13
1,118,13
1,119,79
1,12,182
1,120,23
1,121,31
1,122,20
1,123,33
1,124,19
1,125,13443
1,126,53
1,127,326
1,128,65
1,129,2117
1,13,4451
1,130,243
1,131,21
1,132,61826
1,133,101
1,134,71
1,135,26
1,136,63
1,137,20203
1,138,21354
1,139,17
1,14,155
1,140,9524
1,141,24333
1,142,23070
1,143,5108
1,144,38237
1,145,3617
1,146,2644
1,147,33
1,148,117075
1,149,19
1,15,6
1,150,16
1,151,5353
1,152,1658
1,153,21
1,154,5
1,155,27
1,156,9
1,157,207
1,158,49270
1,159,199
1,16,24
1,160,44
1,161,41539
1,162,33789
1,163,33189
1,164,55047
1,165,51
1,166,5982
1,167,75
1,168,577
1,169,72
1,17,800
1,170,34376
1,171,16
1,172,6
1,173,197
1,174,41
1,175,5
1,176,1
1,177,88
1,178,15
1,179,1133
1,18,58
1,180,49
1,181,2959
1,182,27
1,183,17
1,184,5
1,185,23
1,186,46777
1,187,5
1,188,350
1,189,687
1,19,46
1,190,92
1,191,53
1,192,27
1,193,1266
1,194,75
1,195,69
1,196,233
1,197,120
1,198,156
1,2,2
1,20,53
1,200,20
1,201,10
1,202,72
1,203,26
1,204,3
1,205,55
1,206,5
1,207,15
1,208,35
1,209,5583
1,21,33
1,210,24
1,211,22653
1,212,73
1,213,47
1,214,3
1,215,132
1,216,236
1,217,299
1,218,29
1,219,93
1,22,44
1,220,42
1,221,2
1,222,12
1,223,1098
1,224,1842
1,225,419
1,226,3399
1,227,53
1,228,226
1,229,24352
1,23,12
1,230,71184
1,231,32143
1,232,7315
1,233,12100
1,234,50660
1,235,94
1,236,10670
1,237,18607
1,238,12344
1,239,18100
1,24,3242
1,240,6
1,241,51
1,242,35
1,243,506
1,244,2167
1,245,2
1,246,31188
1,247,262
1,248,39
1,249,81374
1,25,2414
1,250,37
1,251,5
1,252,16
1,253,5
1,254,40
1,255,5853
1,256,4997
1,257,90
1,258,42
1,259,79
1,26,45
1,260,1578
1,261,5325
1,262,3705
1,263,23469
1,264,16422
1,265,2565
1,27,3
1,28,222
1,29,20
1,3,13
1,30,2
1,31,8
1,32,22
1,33,946
1,34,26
1,35,132
1,36,804
1,37,1128
1,38,13
1,39,60
1,4,10817
1,40,536
1,41,6445
1,42,3370
1,43,5439
1,44,3
1,45,6277
1,46,4
1,47,58
1,48,80971
1,49,848
1,5,3
1,50,14868
1,51,27
1,52,251
1,53,24
1,54,52
1,55,38
1,56,143
1,57,12
1,58,2
1,6,4
1,60,35
1,61,891
1,62,215
1,63,44
1,64,21
1,65,2156
1,66,468
1,67,29
1,68,57613
1,69,168
1,7,5260
1,70,238
1,71,59
1,72,104
1,73,5
1,74,6434
1,75,6798
1,76,130
1,77,34
1,78,54
1,79,140915
1,8,21
1,80,2863
1,81,29
1,82,1321
1,83,405
1,84,2
1,85,104
1,86,16
1,87,9703
1,88,6365
1,89,265
1,9,14
1,90,36936
1,91,56
1,92,87
1,93,464
1,94,23
1,95,452
1,96,8
1,97,2783
1,98,13
1,99,2
2,1,71
2,10,139
2,100,19199
2,101,15
2,102,26
2,105,2
2,106,329
2,107,28565
2,108,10
2,109,1
2,11,5
2,111,5
2,112,1543
2,113,13509
2,114,54405
2,115,4
2,116,2053
2,117,42
2,118,5
2,119,75
2,12,108
2,120,9
2,121,23
2,122,23
2,123,104
2,124,14
2,125,12279
2,126,54
2,127,190
2,128,5
2,129,2252
2,13,2146
2,130,133
2,131,15
2,132,22066
2,133,159
2,134,45
2,135,25
2,136,41
2,137,13563
2,138,5969
2,139,12
2,14,116
2,140,6065
2,141,17931
2,142,9357
2,143,2710
2,144,30137
2,145,2337
2,146,1867
2,147,34
2,148,110165
2,149,21
2,15,10
2,150,13
2,151,3362
2,152,1253
2,153,8
2,154,2
2,155,24
2,156,9
2,157,161
2,158,39710
2,159,133
2,16,38
2,160,35
2,161,19883
2,162,18441
2,163,22481
2,164,38249
2,165,35
2,166,3746
2,167,63
2,168,518
2,169,58
2,17,522
2,170,21366
2,171,16
2,172,2
2,173,207
2,174,55
2,175,3
2,176,3
2,177,68
2,178,31
2,179,768
2,18,36
2,180,36
2,181,1756
2,182,16
2,183,5
2,184,1
2,185,20
2,186,28782
2,187,7
2,188,317
2,189,380
2,19,15
2,190,69
2,191,35
2,192,17
2,193,1036
2,194,37
2,195,40
2,196,120
2,197,115
2,198,126
2,20,25
2,200,16
2,201,4
2,202,37
2,203,18
2,205,32
2,206,2
2,207,10
2,208,18
2,209,3753
2,21,65
2,210,15
2,211,14047
2,212,47
2,213,35
2,214,5
2,215,75
2,216,190
2,217,208
2,218,20
2,219,52
2,22,147
2,220,34
2,221,5
2,222,4
2,223,791
2,224,1376
2,225,342
2,226,2698
2,227,44
2,228,175
2,229,15857
2,23,8
2,230,44967
2,231,22397
2,232,5527
2,233,7379
2,234,30898
2,235,60
2,236,5770
2,237,9559
2,238,6954
2,239,9813
2,24,2139
2,240,10
2,241,36
2,242,31
2,243,404
2,244,1629
2,245,5
2,246,30532
2,247,195
2,248,30
2,249,57625
2,25,1353
2,250,31
2,251,5
2,252,11
2,254,37
2,255,4371
2,256,3967
2,257,48
2,258,34
2,259,18
2,26,220
2,260,1408
2,261,3428
2,262,2198
2,263,16378
2,264,11931
2,265,2009
2,27,2
2,28,122
2,29,15
2,3,11
2,30,1
2,31,8
2,32,18
2,33,450
2,34,28
2,35,95
2,36,793
2,37,942
2,38,6
2,39,69
2,4,8596
2,40,369
2,41,4279
2,42,2392
2,43,2379
2,44,1
2,45,3954
2,46,3
2,47,45
2,48,57324
2,49,510
2,5,1
2,50,11177
2,51,10
2,52,142
2,53,17
2,54,23
2,55,29
2,56,81
2,57,16
2,58,4
2,59,2
2,6,6
2,60,21
2,61,565
2,62,111
2,63,15
2,64,10
2,65,1137
2,66,255
2,67,14
2,68,50750
2,69,111
2,7,4460
2,70,127
2,71,47
2,72,52
2,73,8
2,74,4451
2,75,4721
2,76,92
2,77,35
2,78,34
2,79,112070
2,8,13
2,80,2355
2,81,21
2,82,1289
2,83,334
2,84,2
2,85,78
2,86,12
2,87,5616
2,88,3747
2,89,241
2,9,31
2,90,27729
2,91,40
2,92,88
2,93,154
2,94,16
2,95,264
2,96,6
2,97,1340
2,98,8
2,99,2
3,1,125
3,10,99
3,100,12975
3,101,8
3,102,15
3,105,1
3,106,222
3,107,18631
3,108,17
3,109,1
3,11,9
3,111,1
3,112,1055
3,113,8590
3,114,29139
3,115,4
3,116,1528
3,117,18
3,118,9
3,119,84
3,12,28
3,120,11
3,121,26
3,122,16
3,123,94
3,124,11
3,125,9823
3,126,57
3,127,153
3,128,7
3,129,2408
3,13,1099
3,130,107
3,131,13
3,132,11652
3,133,98
3,134,41
3,135,19
3,136,35
3,137,9895
3,138,1327
3,139,29
3,14,109
3,140,4611
3,141,14391
3,142,5293
3,143,1853
3,144,21180
3,145,1665
3,146,1350
3,147,64
3,148,78545
3,149,17
3,15,4
3,150,15
3,151,2332
3,152,962
3,153,8
3,154,4
3,155,33
3,156,2
3,157,131
3,158,25347
3,159,146
3,16,46
3,160,32
3,161,12226
3,162,11582
3,163,15775
3,164,26787
3,165,35
3,166,2676
3,167,70
3,168,536
3,169,50
3,17,472
3,170,13649
3,171,24
3,173,183
3,174,64
3,175,6
3,177,73
3,178,30
3,179,677
3,18,42
3,180,17
3,181,1074
3,182,21
3,183,31
3,184,1
3,185,16
3,186,18130
3,187,5
3,188,249
3,189,269
3,19,12
3,190,43
3,191,20
3,192,13
3,193,800
3,194,17
3,195,31
3,196,88
3,197,92
3,198,126
3,2,1
3,20,22
3,200,12
3,201,2
3,202,41
3,203,26
3,204,2
3,205,45
3,206,4
3,207,9
3,208,37
3,209,2051
3,21,19
3,210,20
3,211,7059
3,212,68
3,213,25
3,215,51
3,216,208
3,217,175
3,218,34
3,219,26
3,22,32
3,220,22
3,221,4
3,222,5
3,223,596
3,224,1066
3,225,333
3,226,2394
3,227,26
3,228,139
3,229,10510
3,23,8
3,230,33030
3,231,16315
3,232,3488
3,233,5070
3,234,18164
3,235,73
3,236,4080
3,237,6293
3,238,4684
3,239,5789
3,24,1577
3,240,13
3,241,45
3,242,37
3,243,252
3,244,1069
3,246,30439
3,247,168
3,248,52
3,249,38096
3,25,959
3,250,45
3,251,3
3,252,13
3,254,72
3,255,3319
3,256,3007
3,257,46
3,258,57
3,259,28
3,26,45
3,260,1431
3,261,2115
3,262,1833
3,263,11712
3,264,9054
3,265,1632
3,27,1
3,28,106
3,29,40
3,3,30
3,31,7
3,32,8
3,33,275
3,34,16
3,35,68
3,36,743
3,37,840
3,38,21
3,39,86
3,4,5282
3,40,223
3,41,3191
3,42,1836
3,43,1468
3,44,4
3,45,1936
3,46,4
3,47,67
3,48,46320
3,49,393
3,5,4
3,50,8812
3,51,29
3,52,93
3,53,7
3,54,12
3,55,30
3,56,88
3,57,16
3,58,5
3,59,1
3,6,4
3,60,20
3,61,449
3,62,134
3,63,22
3,64,4
3,65,848
3,66,173
3,67,17
3,68,43272
3,69,116
3,7,4000
3,70,108
3,71,64
3,72,36
3,73,2
3,74,3860
3,75,4019
3,76,139
3,77,43
3,78,53
3,79,78379
3,8,5
3,80,2176
3,81,33
3,82,1286
3,83,295
3,84,4
3,85,61
3,86,3
3,87,3188
3,88,2108
3,89,167
3,9,11
3,90,19570
3,91,68
3,92,65
3,93,101
3,94,15
3,95,127
3,96,3
3,97,861
3,98,7
3,99,1
4,1,222
4,10,255
4,100,13602
4,101,153
4,102,19
4,106,170
4,107,15264
4,108,62
4,109,6
4,11,12
4,111,1
4,112,754
4,113,6620
4,114,13920
4,115,2
4,116,1615
4,117,12
4,118,6
4,119,148
4,12,34
4,120,10
4,121,87
4,122,61
4,123,28
4,124,20
4,125,5560
4,126,102
4,127,173
4,128,5
4,129,3288
4,13,1664
4,130,135
4,131,68
4,132,16670
4,133,108
4,134,86
4,135,184
4,136,110
4,137,8168
4,138,1110
4,139,123
4,14,146
4,140,5622
4,141,15696
4,142,6147
4,143,2621
4,144,10539
4,145,1618
4,146,1830
4,147,98
4,148,36387
4,149,61
4,15,3
4,150,20
4,151,3314
4,152,950
4,153,54
4,154,1
4,155,11
4,156,1
4,157,190
4,158,7722
4,159,142
4,16,44
4,160,37
4,161,10052
4,162,11356
4,163,12067
4,164,22429
4,165,70
4,166,2628
4,167,81
4,168,568
4,169,73
4,17,573
4,170,12361
4,171,35
4,173,258
4,174,80
4,175,20
4,176,1
4,177,100
4,178,21
4,179,1178
4,18,58
4,180,15
4,181,864
4,182,80
4,183,44
4,184,1
4,185,44
4,186,21265
4,188,269
4,189,287
4,19,32
4,190,45
4,191,241
4,192,16
4,193,1003
4,194,19
4,195,33
4,196,118
4,197,165
4,198,152
4,2,1
4,20,23
4,200,19
4,201,3
4,202,35
4,203,116
4,205,252
4,206,2
4,207,41
4,208,33
4,209,1236
4,21,38
4,210,32
4,211,3221
4,212,98
4,213,114
4,214,3
4,215,239
4,216,330
4,217,228
4,218,362
4,219,97
4,22,53
4,220,32
4,221,5
4,222,102
4,223,830
4,224,1435
4,225,456
4,226,3119
4,227,41
4,228,179
4,229,9987
4,23,6
4,230,27700
4,231,11926
4,232,2272
4,233,5623
4,234,12010
4,235,169
4,236,6158
4,237,6772
4,238,6225
4,239,6934
4,24,1662
4,240,28
4,241,72
4,242,64
4,243,365
4,244,1094
4,246,17076
4,247,235
4,248,64
4,249,23139
4,25,1058
4,250,102
4,251,1
4,252,7
4,253,1
4,254,112
4,255,2240
4,256,2306
4,257,59
4,258,51
4,259,67
4,26,53
4,260,2147
4,261,1738
4,262,4264
4,263,11856
4,264,7850
4,265,1349
4,27,1
4,28,126
4,29,10
4,3,55
4,31,7
4,32,49
4,33,259
4,34,13
4,35,160
4,36,708
4,37,897
4,38,165
4,39,232
4,4,2975
4,40,230
4,41,3308
4,42,2176
4,43,2325
4,44,3
4,45,1236
4,46,6
4,47,67
4,48,44647
4,49,394
4,5,1
4,50,6698
4,51,147
4,52,106
4,53,13
4,54,16
4,55,50
4,56,240
4,57,28
4,58,1
4,59,3
4,6,14
4,60,24
4,61,594
4,62,294
4,63,85
4,64,28
4,65,858
4,66,152
4,67,26
4,68,28472
4,69,249
4,7,5492
4,70,235
4,71,164
4,72,77
4,73,52
4,74,4536
4,75,5147
4,76,216
4,77,41
4,78,72
4,79,44877
4,8,18
4,80,2046
4,81,42
4,82,1697
4,83,434
4,84,2
4,85,146
4,86,15
4,87,3241
4,88,1531
4,89,375
4,9,15
4,90,15125
4,91,170
4,92,87
4,93,137
4,94,46
4,95,128
4,96,7
4,97,815
4,98,29
5,1,304
5,10,771
5,100,38475
5,101,84
5,102,134
5,105,2
5,106,147
5,107,19130
5,108,52
5,11,39
5,111,1
5,112,303
5,113,7739
5,114,5580
5,115,4
5,116,1836
5,117,114
5,118,7
5,119,168
5,12,87
5,120,11
5,121,118
5,122,75
5,123,41
5,124,186
5,125,2828
5,126,66
5,127,101
5,128,7
5,129,2506
5,13,3913
5,130,383
5,131,71
5,132,57196
5,133,191
5,134,205
5,135,186
5,136,191
5,137,10089
5,138,2457
5,139,382
5,14,111
5,140,12146
5,141,17584
5,142,13263
5,143,8173
5,144,2674
5,145,2167
5,146,2288
5,147,74
5,148,9808
5,149,128
5,15,12
5,150,50
5,151,7856
5,152,1235
5,153,30
5,154,4
5,155,106
5,156,3
5,157,224
5,158,3418
5,159,200
5,16,43
5,160,58
5,161,14707
5,162,20914
5,163,12292
5,164,16192
5,165,189
5,166,3732
5,167,217
5,168,584
5,169,84
5,17,426
5,170,21291
5,171,122
5,173,132
5,174,111
5,175,61
5,176,1
5,177,186
5,178,20
5,179,2083
5,18,102
5,180,113
5,181,614
5,182,338
5,183,33
5,184,13
5,185,77
5,186,38774
5,187,1
5,188,438
5,189,252
5,19,88
5,190,46
5,191,196
5,192,18
5,193,1638
5,194,106
5,195,63
5,196,424
5,197,273
5,198,125
5,2,3
5,20,83
5,200,21
5,201,5
5,202,63
5,203,249
5,204,1
5,205,844
5,206,5
5,207,123
5,208,129
5,209,1250
5,21,42
5,210,102
5,211,2333
5,212,98
5,213,309
5,214,2
5,215,365
5,216,626
5,217,83
5,218,398
5,219,304
5,22,103
5,220,41
5,221,5
5,222,164
5,223,1479
5,224,3310
5,225,500
5,226,4981
5,227,102
5,228,220
5,229,13522
5,23,4
5,230,22650
5,231,8520
5,232,1135
5,233,9995
5,234,12031
5,235,243
5,236,20142
5,237,15341
5,238,15776
5,239,15952
5,24,3021
5,240,22
5,241,71
5,242,138
5,243,172
5,244,1350
5,245,4
5,246,5371
5,247,315
5,248,87
5,249,13365
5,25,1073
5,250,215
5,251,3
5,252,16
5,253,5
5,254,538
5,255,405
5,256,751
5,257,121
5,258,172
5,259,159
5,26,168
5,260,2252
5,261,2882
5,262,12763
5,263,18893
5,264,9499
5,265,1264
5,27,3
5,28,397
5,29,46
5,3,49
5,31,16
5,32,87
5,33,1178
5,34,9
5,35,350
5,36,335
5,37,450
5,38,186
5,39,534
5,4,1522
5,40,670
5,41,5045
5,42,3034
5,43,5738
5,45,759
5,46,6
5,47,105
5,48,47449
5,49,302
5,5,6
5,50,6838
5,51,404
5,52,729
5,53,234
5,54,42
5,55,115
5,56,261
5,57,10
5,58,6
5,59,7
5,6,35
5,60,46
5,61,706
5,62,213
5,63,135
5,64,30
5,65,1442
5,66,292
5,67,20
5,68,17964
5,69,293
5,7,4658
5,70,571
5,71,289
5,72,328
5,73,24
5,74,5904
5,75,10224
5,76,813
5,77,96
5,78,149
5,79,21677
5,8,39
5,80,765
5,81,190
5,82,1255
5,83,430
5,84,1
5,85,238
5,86,123
5,87,5671
5,88,2065
5,89,713
5,9,40
5,90,15566
5,91,273
5,92,171
5,93,676
5,94,76
5,95,576
5,96,8
5,97,822
5,98,37
6,1,439
6,10,1328
6,100,89204
6,101,81
6,102,179
6,105,3
6,106,184
6,107,48547
6,108,83
6,109,1
6,11,43
6,111,4
6,112,295
6,113,21405
6,114,8726
6,115,9
6,116,4240
6,117,155
6,118,2
6,119,241
6,12,137
6,120,14
6,121,143
6,122,199
6,123,176
6,124,318
6,125,7113
6,126,99
6,127,194
6,128,30
6,129,2511
6,13,14765
6,130,858
6,131,273
6,132,89324
6,133,325
6,134,320
6,135,337
6,136,78
6,137,24630
6,138,6127
6,139,381
6,14,245
6,140,30305
6,141,47708
6,142,37413
6,143,23828
6,144,4595
6,145,2389
6,146,2953
6,147,247
6,148,8652
6,149,379
6,15,73
6,150,83
6,151,19291
6,152,2588
6,153,99
6,154,22
6,155,370
6,156,1
6,157,352
6,158,8864
6,159,464
6,16,88
6,160,192
6,161,35773
6,162,52917
6,163,25244
6,164,27692
6,165,251
6,166,8459
6,167,260
6,168,794
6,169,342
6,17,486
6,170,54529
6,171,185
6,172,1
6,173,230
6,174,149
6,175,94
6,176,1
6,177,299
6,178,61
6,179,3103
6,18,256
6,180,130
6,181,1079
6,182,615
6,183,73
6,184,11
6,185,123
6,186,135912
6,187,1
6,188,946
6,189,224
6,19,88
6,190,85
6,191,425
6,192,42
6,193,3639
6,194,228
6,195,127
6,196,554
6,197,427
6,198,156
6,2,5
6,20,83
6,200,114
6,201,16
6,202,103
6,203,424
6,205,702
6,206,1
6,207,142
6,208,254
6,209,2208
6,21,354
6,210,484
6,211,4080
6,212,184
6,213,958
6,214,94
6,215,842
6,216,964
6,217,55
6,218,460
6,219,496
6,22,280
6,220,112
6,221,3
6,222,317
6,223,2809
6,224,9944
6,225,845
6,226,7770
6,227,140
6,228,189
6,229,35306
6,23,6
6,230,35002
6,231,22912
6,232,1789
6,233,23252
6,234,29164
6,235,372
6,236,67754
6,237,48107
6,238,40619
6,239,36322
6,24,6560
6,240,54
6,241,144
6,242,290
6,243,343
6,244,3626
6,246,13229
6,247,487
6,248,288
6,249,26691
6,25,2747
6,250,368
6,251,2
6,252,55
6,253,3
6,254,390
6,255,207
6,256,448
6,257,259
6,258,313
6,259,255
6,26,112
6,260,4309
6,261,5475
6,262,41416
6,263,46552
6,264,19878
6,265,1068
6,27,1
6,28,727
6,29,229
6,3,174
6,30,2
6,31,22
6,32,297
6,33,4347
6,34,25
6,35,695
6,36,185
6,37,549
6,38,157
6,39,981
6,4,2583
6,40,2463
6,41,10784
6,42,6039
6,43,16018
6,44,2
6,45,1045
6,46,8
6,47,179
6,48,96963
6,49,533
6,5,17
6,50,14323
6,51,700
6,52,2651
6,53,143
6,54,205
6,55,244
6,56,497
6,57,11
6,58,44
6,59,23
6,6,7
6,60,110
6,61,1245
6,62,347
6,63,243
6,64,28
6,65,3551
6,66,1163
6,67,83
6,68,37722
6,69,556
6,7,7040
6,70,893
6,71,579
6,72,654
6,73,25
6,74,12813
6,75,20401
6,76,1530
6,77,334
6,78,247
6,79,32202
6,8,60
6,80,490
6,81,235
6,82,1815
6,83,535
6,84,2
6,85,617
6,86,282
6,87,13510
6,88,4195
6,89,1088
6,9,50
6,90,27839
6,91,597
6,92,231
6,93,1090
6,94,44
6,95,1033
6,96,26
6,97,1890
6,98,94
7,1,357
7,10,1619
7,100,94962
7,101,172
7,102,178
7,105,6
7,106,396
7,107,84627
7,108,117
7,109,1
7,11,191
7,111,5
7,112,323
7,113,40906
7,114,14881
7,115,10
7,116,8234
7,117,162
7,118,12
7,119,372
7,12,322
7,120,22
7,121,210
7,122,208
7,123,181
7,124,254
7,125,12726
7,126,103
7,127,440
7,128,49
7,129,2844
7,13,31809
7,130,951
7,131,254
7,132,91672
7,133,463
7,134,397
7,135,507
7,136,200
7,137,46608
7,138,42911
7,139,189
7,14,361
7,140,75263
7,141,100755
7,142,81055
7,143,51489
7,144,9352
7,145,3488
7,146,3395
7,147,311
7,148,12461
7,149,184
7,15,66
7,150,64
7,151,40347
7,152,5297
7,153,88
7,154,25
7,155,383
7,156,6
7,157,365
7,158,21596
7,159,593
7,16,90
7,160,185
7,161,68451
7,162,94857
7,163,48278
7,164,49263
7,165,417
7,166,19358
7,167,276
7,168,1110
7,169,356
7,17,640
7,170,99218
7,171,252
7,172,1
7,173,153
7,174,267
7,175,125
7,177,396
7,178,72
7,179,4444
7,18,223
7,180,236
7,181,1968
7,182,481
7,183,150
7,184,13
7,185,195
7,186,154367
7,187,4
7,188,1198
7,189,445
7,19,160
7,190,155
7,191,312
7,192,57
7,193,4057
7,194,257
7,195,263
7,196,540
7,197,432
7,198,150
7,2,1
7,20,72
7,200,232
7,201,18
7,202,166
7,203,318
7,205,725
7,206,4
7,207,241
7,208,250
7,209,3819
7,21,323
7,210,473
7,211,8526
7,212,355
7,213,841
7,214,8
7,215,766
7,216,895
7,217,156
7,218,609
7,219,478
7,22,357
7,220,277
7,221,3
7,222,455
7,223,3267
7,224,13699
7,225,986
7,226,10820
7,227,249
7,228,306
7,229,75575
7,23,13
7,230,60955
7,231,44934
7,232,2682
7,233,46902
7,234,60929
7,235,511
7,236,163003
7,237,136868
7,238,77692
7,239,77697
7,24,15733
7,240,48
7,241,275
7,242,349
7,243,893
7,244,7316
7,245,1
7,246,29405
7,247,952
7,248,210
7,249,43736
7,25,3005
7,250,299
7,251,4
7,252,161
7,253,8
7,254,348
7,255,261
7,256,374
7,257,247
7,258,350
7,259,191
7,26,365
7,260,3957
7,261,9265
7,262,77236
7,263,78536
7,264,29767
7,265,1117
7,27,3
7,28,962
7,29,222
7,3,225
7,30,4
7,31,24
7,32,280
7,33,6935
7,34,31
7,35,770
7,36,221
7,37,621
7,38,148
7,39,1121
7,4,4737
7,40,5280
7,41,21595
7,42,11462
7,43,42087
7,45,2068
7,46,13
7,47,307
7,48,116156
7,49,883
7,5,23
7,50,30913
7,51,689
7,52,5758
7,53,67
7,54,314
7,55,254
7,56,602
7,57,5
7,58,34
7,59,21
7,6,8
7,60,131
7,61,1480
7,62,476
7,63,341
7,64,55
7,65,4962
7,66,2599
7,67,99
7,68,53408
7,69,775
7,7,8338
7,70,1291
7,71,639
7,72,923
7,73,25
7,74,23209
7,75,37565
7,76,1804
7,77,331
7,78,396
7,79,50930
7,8,45
7,80,452
7,81,299
7,82,1739
7,83,571
7,84,5
7,85,472
7,86,166
7,87,19478
7,88,6143
7,89,1654
7,9,44
7,90,45375
7,91,857
7,92,377
7,93,1053
7,94,186
7,95,1421
7,96,28
7,97,2281
7,98,242
7,99,2
8,1,324
8,10,1554
8,100,81814
8,101,188
8,102,113
8,105,5
8,106,270
8,107,97347
8,108,142
8,109,3
8,11,116
8,111,14
8,112,394
8,113,57694
8,114,22107
8,115,6
8,116,7995
8,117,184
8,118,31
8,119,371
8,12,612
8,120,30
8,121,329
8,122,205
8,123,247
8,124,262
8,125,18476
8,126,151
8,127,473
8,128,39
8,129,2305
8,13,48201
8,130,803
8,131,272
8,132,76161
8,133,446
8,134,355
8,135,588
8,136,280
8,137,58466
8,138,82885
8,139,243
8,14,578
8,140,108095
8,141,119414
8,142,107226
8,143,69817
8,144,14054
8,145,4166
8,146,3713
8,147,177
8,148,18356
8,149,201
8,15,118
8,150,109
8,151,50108
8,152,5166
8,153,116
8,154,32
8,155,446
8,156,8
8,157,379
8,158,33947
8,159,443
8,16,113
8,160,205
8,161,98658
8,162,128694
8,163,69729
8,164,67768
8,165,451
8,166,25747
8,167,310
8,168,972
8,169,287
8,17,674
8,170,136497
8,171,240
8,172,1
8,173,224
8,174,183
8,175,149
8,177,514
8,178,117
8,179,4248
8,18,185
8,180,179
8,181,2107
8,182,456
8,183,116
8,184,12
8,185,168
8,186,145536
8,187,1
8,188,1069
8,189,498
8,19,169
8,190,148
8,191,479
8,192,103
8,193,4246
8,194,280
8,195,407
8,196,596
8,197,431
8,198,267
8,2,4
8,20,106
8,200,211
8,201,24
8,202,201
8,203,205
8,205,640
8,206,4
8,207,234
8,208,178
8,209,6045
8,21,399
8,210,409
8,211,14510
8,212,266
8,213,659
8,214,7
8,215,690
8,216,850
8,217,199
8,218,591
8,219,426
8,22,309
8,220,338
8,221,11
8,222,481
8,223,3093
8,224,11976
8,225,797
8,226,10037
8,227,106
8,228,441
8,229,97665
8,23,15
8,230,87717
8,231,57544
8,232,4459
8,233,60942
8,234,81433
8,235,512
8,236,212562
8,237,178862
8,238,111293
8,239,108853
8,24,18092
8,240,22
8,241,286
8,242,227
8,243,913
8,244,7231
8,245,3
8,246,47805
8,247,765
8,248,247
8,249,56227
8,25,2719
8,250,231
8,251,1
8,252,153
8,253,11
8,254,351
8,255,389
8,256,520
8,257,312
8,258,355
8,259,203
8,26,380
8,260,3225
8,261,13216
8,262,85306
8,263,94235
8,264,34176
8,265,1220
8,27,5
8,28,682
8,29,222
8,3,193
8,31,20
8,32,230
8,33,8871
8,34,44
8,35,1119
8,36,167
8,37,610
8,38,198
8,39,962
8,4,7582
8,40,5562
8,41,22156
8,42,11424
8,43,56509
8,44,9
8,45,3645
8,46,9
8,47,233
8,48,116103
8,49,1163
8,5,45
8,50,44486
8,51,661
8,52,7060
8,53,114
8,54,233
8,55,270
8,56,589
8,57,8
8,58,11
8,59,16
8,6,12
8,60,138
8,61,1497
8,62,586
8,63,292
8,64,63
8,65,6232
8,66,2641
8,67,134
8,68,73250
8,69,680
8,7,7429
8,70,1080
8,71,522
8,72,822
8,73,38
8,74,21392
8,75,41827
8,76,1583
8,77,362
8,78,357
8,79,65137
8,8,75
8,80,507
8,81,248
8,82,1493
8,83,446
8,84,4
8,85,431
8,86,177
8,87,27394
8,88,9649
8,89,1408
8,9,108
8,90,58940
8,91,847
8,92,562
8,93,948
8,94,123
8,95,1204
8,96,28
8,97,2840
8,98,186
8,99,1
9,1,334
9,10,1103
9,100,83461
9,101,172
9,102,128
9,105,3
9,106,338
9,107,95070
9,108,132
9,109,4
9,11,113
9,111,4
9,112,440
9,113,62473
9,114,24882
9,115,5
9,116,5601
9,117,136
9,118,24
9,119,299
9,12,963
9,120,20
9,121,275
9,122,144
9,123,235
9,124,232
9,125,19608
9,126,136
9,127,394
9,128,31
9,129,2029
9,13,43898
9,130,632
9,131,225
9,132,70516
9,133,257
9,134,357
9,135,380
9,136,208
9,137,51491
9,138,108522
9,139,300
9,14,422
9,140,98999
9,141,111259
9,142,108746
9,143,67236
9,144,17132
9,145,4656
9,146,3885
9,147,134
9,148,19981
9,149,213
9,15,142
9,150,70
9,151,47647
9,152,3956
9,153,92
9,154,27
9,155,357
9,156,23
9,157,310
9,158,33517
9,159,367
9,16,126
9,160,165
9,161,120476
9,162,137355
9,163,86023
9,164,78787
9,165,439
9,166,23168
9,167,290
9,168,944
9,169,242
9,17,589
9,170,141260
9,171,229
9,172,4
9,173,114
9,174,166
9,175,99
9,177,521
9,178,121
9,179,3017
9,18,148
9,180,104
9,181,1989
9,182,320
9,183,71
9,184,17
9,185,154
9,186,158081
9,187,1
9,188,906
9,189,504
9,19,131
9,190,122
9,191,340
9,192,114
9,193,3664
9,194,293
9,195,417
9,196,457
9,197,379
9,198,204
9,2,3
9,20,95
9,200,175
9,201,20
9,202,172
9,203,279
9,205,599
9,206,10
9,207,297
9,208,174
9,209,6399
9,21,301
9,210,386
9,211,16483
9,212,212
9,213,690
9,214,10
9,215,586
9,216,730
9,217,222
9,218,530
9,219,403
9,22,238
9,220,274
9,221,5
9,222,531
9,223,2856
9,224,13552
9,225,756
9,226,6399
9,227,148
9,228,327
9,229,92723
9,23,24
9,230,104518
9,231,57174
9,232,4070
9,233,59307
9,234,88787
9,235,410
9,236,201370
9,237,186467
9,238,108292
9,239,114653
9,24,15501
9,240,33
9,241,200
9,242,277
9,243,666
9,244,5183
9,245,2
9,246,50232
9,247,626
9,248,175
9,249,60981
9,25,2276
9,250,179
9,251,11
9,252,162
9,253,6
9,254,374
9,255,405
9,256,622
9,257,205
9,258,294
9,259,249
9,26,404
9,260,2237
9,261,16628
9,262,85439
9,263,90928
9,264,33506
9,265,1520
9,27,7
9,28,529
9,29,121
9,3,130
9,30,3
9,31,25
9,32,253
9,33,4711
9,34,57
9,35,908
9,36,138
9,37,560
9,38,203
9,39,967
9,4,6942
9,40,2573
9,41,16542
9,42,7522
9,43,60403
9,44,53
9,45,5315
9,46,13
9,47,244
9,48,119698
9,49,994
9,5,24
9,50,47353
9,51,546
9,52,3676
9,53,96
9,54,126
9,55,254
9,56,525
9,57,10
9,58,12
9,59,9
9,6,11
9,60,129
9,61,1314
9,62,444
9,63,267
9,64,74
9,65,5119
9,66,1851
9,67,97
9,68,84282
9,69,592
9,7,5996
9,70,1051
9,71,476
9,72,607
9,73,41
9,74,16595
9,75,35758
9,76,1529
9,77,360
9,78,259
9,79,71675
9,8,64
9,80,420
9,81,210
9,82,1163
9,83,393
9,84,4
9,85,287
9,86,114
9,87,25455
9,88,9461
9,89,1018
9,9,153
9,90,67423
9,91,662
9,92,541
9,93,803
9,94,108
9,95,902
9,96,37
9,97,2499
9,98,139
9,99,1
10,1,351
10,10,1113
10,100,82514
10,101,172
10,102,138
10,105,4
10,106,311
10,107,87446
10,108,136
10,109,3
10,11,65
10,111,7
10,112,425
10,113,58510
10,114,24961
10,115,5
10,116,4485
10,117,108
10,118,36
10,119,255
10,12,1292
10,120,21
10,121,247
10,122,94
10,123,221
10,124,222
10,125,21341
10,126,107
10,127,305
10,128,25
10,129,1744
10,13,37427
10,130,703
10,131,244
10,132,88409
10,133,279
10,134,360
10,135,399
10,136,207
10,137,47712
10,138,127852
10,139,256
10,14,368
10,140,92215
10,141,108965
10,142,115730
10,143,64315
10,144,20134
10,145,5198
10,146,3859
10,147,123
10,148,18344
10,149,199
10,15,149
10,150,61
10,151,46942
10,152,3352
10,153,72
10,154,28
10,155,319
10,156,4
10,157,296
10,158,28876
10,159,390
10,16,171
10,160,122
10,161,147072
10,162,141040
10,163,103823
10,164,85005
10,165,408
10,166,20997
10,167,205
10,168,864
10,169,182
10,17,580
10,170,135982
10,171,142
10,172,4
10,173,113
10,174,187
10,175,80
10,176,1
10,177,328
10,178,128
10,179,2147
10,18,138
10,180,80
10,181,1668
10,182,201
10,183,91
10,184,10
10,185,130
10,186,166397
10,187,3
10,188,899
10,189,514
10,19,102
10,190,106
10,191,242
10,192,102
10,193,4218
10,194,268
10,195,424
10,196,492
10,197,309
10,198,223
10,2,2
10,20,82
10,200,192
10,201,14
10,202,141
10,203,200
10,204,1
10,205,447
10,206,21
10,207,450
10,208,130
10,209,6262
10,21,189
10,210,298
10,211,20719
10,212,171
10,213,397
10,214,7
10,215,566
10,216,571
10,217,198
10,218,431
10,219,360
10,22,223
10,220,239
10,221,5
10,222,439
10,223,2426
10,224,13104
10,225,581
10,226,5216
10,227,145
10,228,343
10,229,86054
10,23,53
10,230,120544
10,231,61150
10,232,3884
10,233,57392
10,234,99071
10,235,292
10,236,203068
10,237,195787
10,238,104940
10,239,119719
10,24,15428
10,240,29
10,241,147
10,242,302
10,243,609
10,244,4385
10,245,4
10,246,52298
10,247,516
10,248,124
10,249,55031
10,25,2011
10,250,140
10,251,9
10,252,105
10,253,6
10,254,281
10,255,482
10,256,557
10,257,195
10,258,200
10,259,155
10,26,355
10,260,1706
10,261,20812
10,262,76384
10,263,84946
10,264,34118
10,265,1601
10,27,4
10,28,567
10,29,154
10,3,106
10,30,7
10,31,21
10,32,191
10,33,3517
10,34,69
10,35,653
10,36,149
10,37,474
10,38,134
10,39,741
10,4,5418
10,40,1708
10,41,13996
10,42,5986
10,43,68005
10,44,56
10,45,6625
10,46,4
10,47,154
10,48,111949
10,49,790
10,5,16
10,50,42161
10,51,431
10,52,2266
10,53,88
10,54,132
10,55,238
10,56,416
10,57,13
10,58,22
10,59,10
10,6,19
10,60,99
10,61,1072
10,62,406
10,63,230
10,64,87
10,65,4255
10,66,1235
10,67,108
10,68,84819
10,69,494
10,7,5013
10,70,982
10,71,379
10,72,505
10,73,48
10,74,14668
10,75,34755
10,76,1172
10,77,285
10,78,176
10,79,62014
10,8,62
10,80,393
10,81,184
10,82,1087
10,83,323
10,85,230
10,86,117
10,87,24726
10,88,10708
10,89,810
10,9,110
10,90,64605
10,91,530
10,92,335
10,93,929
10,94,95
10,95,815
10,96,29
10,97,2095
10,98,124
10,99,1
11,1,345
11,10,775
11,100,86213
11,101,117
11,102,106
11,105,8
11,106,338
11,107,85331
11,108,127
11,109,2
11,11,72
11,111,3
11,112,483
11,113,60214
11,114,28563
11,115,10
11,116,3976
11,117,105
11,118,23
11,119,192
11,12,2210
11,120,27
11,121,204
11,122,52
11,123,250
11,124,169
11,125,23216
11,126,70
11,127,293
11,128,53
11,129,1411
11,13,40951
11,130,728
11,131,179
11,132,76860
11,133,253
11,134,356
11,135,336
11,136,207
11,137,49343
11,138,129754
11,139,104
11,14,474
11,140,94825
11,141,109852
11,142,125974
11,143,62474
11,144,25674
11,145,5818
11,146,3765
11,147,85
11,148,20179
11,149,195
11,15,155
11,150,98
11,151,45321
11,152,3540
11,153,68
11,154,18
11,155,310
11,156,8
11,157,326
11,158,30008
11,159,330
11,16,145
11,160,120
11,161,183717
11,162,158472
11,163,120264
11,164,94928
11,165,326
11,166,23685
11,167,162
11,168,840
11,169,193
11,17,551
11,170,144334
11,171,110
11,172,6
11,173,88
11,174,180
11,175,83
11,177,265
11,178,135
11,179,1909
11,18,131
11,180,77
11,181,1823
11,182,157
11,183,71
11,184,4
11,185,148
11,186,163943
11,187,1
11,188,708
11,189,515
11,19,74
11,190,143
11,191,163
11,192,103
11,193,4017
11,194,278
11,195,529
11,196,507
11,197,301
11,198,182
11,199,1
11,2,2
11,20,74
11,200,150
11,201,23
11,202,173
11,203,138
11,205,306
11,206,31
11,207,576
11,208,132
11,209,7229
11,21,195
11,210,317
11,211,25649
11,212,136
11,213,276
11,214,6
11,215,453
11,216,488
11,217,215
11,218,291
11,219,258
11,22,233
11,220,251
11,221,4
11,222,235
11,223,2151
11,224,10915
11,225,505
11,226,5346
11,227,151
11,228,357
11,229,83370
11,23,66
11,230,131305
11,231,67106
11,232,3912
11,233,60862
11,234,114206
11,235,232
11,236,211250
11,237,218241
11,238,101913
11,239,125581
11,24,14026
11,240,21
11,241,115
11,242,282
11,243,630
11,244,3965
11,245,11
11,246,65197
11,247,577
11,248,77
11,249,52847
11,25,2342
11,250,122
11,251,16
11,252,96
11,253,11
11,254,208
11,255,613
11,256,654
11,257,170
11,258,135
11,259,101
11,26,348
11,260,1564
11,261,28000
11,262,68463
11,263,83589
11,264,37262
11,265,1841
11,27,10
11,28,512
11,29,159
11,3,96
11,30,6
11,31,26
11,32,122
11,33,3136
11,34,84
11,35,505
11,36,165
11,37,436
11,38,100
11,39,446
11,4,4735
11,40,1338
11,41,13869
11,42,5510
11,43,78020
11,44,114
11,45,7895
11,46,9
11,47,118
11,48,106622
11,49,733
11,5,12
11,50,38467
11,51,274
11,52,1662
11,53,76
11,54,90
11,55,262
11,56,322
11,57,3
11,58,17
11,59,3
11,6,23
11,60,82
11,61,913
11,62,330
11,63,191
11,64,65
11,65,4563
11,66,1441
11,67,114
11,68,89407
11,69,395
11,7,4746
11,70,1076
11,71,322
11,72,414
11,73,38
11,74,14578
11,75,36079
11,76,846
11,77,228
11,78,169
11,79,59657
11,8,52
11,80,435
11,81,114
11,82,975
11,83,366
11,84,3
11,85,205
11,86,99
11,87,26592
11,88,14169
11,89,687
11,9,63
11,90,66483
11,91,458
11,92,333
11,93,978
11,94,63
11,95,732
11,96,24
11,97,2067
11,98,78
11,99,3
12,1,524
12,10,1007
12,100,85492
12,101,120
12,102,104
12,105,5
12,106,319
12,107,88185
12,108,121
12,11,86
12,111,7
12,112,656
12,113,64712
12,114,32506
12,115,7
12,116,4076
12,117,88
12,118,26
12,119,248
12,12,3207
12,120,16
12,121,260
12,122,53
12,123,304
12,124,164
12,125,23183
12,126,94
12,127,353
12,128,46
12,129,1323
12,13,45167
12,130,826
12,131,228
12,132,97755
12,133,234
12,134,424
12,135,348
12,136,191
12,137,52746
12,138,134678
12,139,110
12,14,672
12,140,95145
12,141,113509
12,142,136881
12,143,61940
12,144,31189
12,145,6064
12,146,3328
12,147,114
12,148,21642
12,149,210
12,15,109
12,150,113
12,151,47091
12,152,3964
12,153,87
12,154,34
12,155,293
12,156,9
12,157,330
12,158,32736
12,159,406
12,16,145
12,160,139
12,161,202592
12,162,164773
12,163,128629
12,164,102006
12,165,462
12,166,27434
12,167,160
12,168,955
12,169,186
12,17,570
12,170,149257
12,171,111
12,172,5
12,173,128
12,174,197
12,175,126
12,176,3
12,177,245
12,178,111
12,179,1763
12,18,127
12,180,104
12,181,1935
12,182,165
12,183,68
12,184,10
12,185,136
12,186,164214
12,187,3
12,188,860
12,189,520
12,19,125
12,190,176
12,191,162
12,192,145
12,193,3654
12,194,335
12,195,566
12,196,539
12,197,406
12,198,173
12,2,7
12,20,92
12,200,160
12,201,21
12,202,204
12,203,116
12,205,274
12,206,36
12,207,651
12,208,122
12,209,7473
12,21,159
12,210,292
12,211,31440
12,212,127
12,213,269
12,214,3
12,215,490
12,216,535
12,217,228
12,218,323
12,219,298
12,22,314
12,220,303
12,221,9
12,222,216
12,223,1973
12,224,9861
12,225,480
12,226,5068
12,227,185
12,228,384
12,229,85762
12,23,142
12,230,129542
12,231,71282
12,232,4647
12,233,62442
12,234,127629
12,235,232
12,236,227431
12,237,239376
12,238,102456
12,239,138394
12,24,13725
12,240,27
12,241,144
12,242,296
12,243,674
12,244,4485
12,245,11
12,246,74387
12,247,588
12,248,70
12,249,55732
12,25,2611
12,250,123
12,251,11
12,252,110
12,253,11
12,254,203
12,255,910
12,256,899
12,257,164
12,258,130
12,259,108
12,26,420
12,260,1510
12,261,33105
12,262,64436
12,263,83532
12,264,39683
12,265,1863
12,27,4
12,28,547
12,29,173
12,3,128
12,30,5
12,31,23
12,32,119
12,33,3602
12,34,118
12,35,451
12,36,176
12,37,390
12,38,117
12,39,540
12,4,4637
12,40,1065
12,41,15192
12,42,6488
12,43,94431
12,44,102
12,45,9209
12,46,3
12,47,156
12,48,104289
12,49,819
12,5,12
12,50,39651
12,51,282
12,52,1558
12,53,87
12,54,104
12,55,211
12,56,339
12,57,5
12,58,22
12,59,17
12,6,14
12,60,103
12,61,899
12,62,322
12,63,140
12,64,76
12,65,4746
12,66,1909
12,67,132
12,68,99535
12,69,424
12,7,4535
12,70,1165
12,71,329
12,72,383
12,73,41
12,74,15797
12,75,36640
12,76,872
12,77,185
12,78,148
12,79,62892
12,8,76
12,80,522
12,81,107
12,82,916
12,83,352
12,84,2
12,85,204
12,86,75
12,87,28383
12,88,16610
12,89,700
12,9,81
12,90,71456
12,91,467
12,92,347
12,93,1051
12,94,75
12,95,838
12,96,24
12,97,2191
12,98,142
12,99,2
13,1,646
13,10,1413
13,100,84941
13,101,128
13,102,137
13,105,10
13,106,303
13,107,88452
13,108,113
13,109,2
13,11,130
13,111,8
13,112,667
13,113,64017
13,114,36038
13,115,6
13,116,3990
13,117,94
13,118,24
13,119,200
13,12,3939
13,120,22
13,121,206
13,122,89
13,123,319
13,124,150
13,125,23361
13,126,106
13,127,326
13,128,38
13,129,1437
13,13,45762
13,130,966
13,131,237
13,132,136979
13,133,234
13,134,417
13,135,342
13,136,185
13,137,51368
13,138,121319
13,139,101
13,14,664
13,140,89989
13,141,112588
13,142,139705
13,143,59982
13,144,36448
13,145,6124
13,146,3041
13,147,90
13,148,23625
13,149,271
13,15,220
13,150,97
13,151,45306
13,152,4195
13,153,94
13,154,41
13,155,338
13,156,8
13,157,357
13,158,34249
13,159,429
13,16,267
13,160,155
13,161,213052
13,162,164049
13,163,133886
13,164,102682
13,165,507
13,166,28000
13,167,171
13,168,907
13,169,186
13,17,682
13,170,146843
13,171,144
13,172,3
13,173,151
13,174,206
13,175,77
13,177,378
13,178,122
13,179,1948
13,18,136
13,180,90
13,181,2206
13,182,177
13,183,59
13,184,15
13,185,171
13,186,156933
13,187,1
13,188,971
13,189,478
13,19,113
13,190,229
13,191,167
13,192,110
13,193,3518
13,194,482
13,195,455
13,196,573
13,197,481
13,198,215
13,199,1
13,2,9
13,20,130
13,200,141
13,201,41
13,202,183
13,203,138
13,205,327
13,206,22
13,207,693
13,208,115
13,209,7972
13,21,161
13,210,322
13,211,35573
13,212,90
13,213,275
13,214,6
13,215,665
13,216,705
13,217,229
13,218,302
13,219,338
13,22,300
13,220,301
13,221,12
13,222,204
13,223,2050
13,224,8432
13,225,554
13,226,5179
13,227,238
13,228,396
13,229,82905
13,23,75
13,230,127452
13,231,70106
13,232,4841
13,233,61757
13,234,136946
13,235,254
13,236,213439
13,237,240558
13,238,97523
13,239,139016
13,24,13774
13,240,21
13,241,135
13,242,303
13,243,647
13,244,4509
13,245,2
13,246,80947
13,247,596
13,248,88
13,249,57667
13,25,2920
13,250,160
13,251,5
13,252,129
13,253,22
13,254,227
13,255,1065
13,256,1049
13,257,207
13,258,128
13,259,112
13,26,475
13,260,1494
13,261,35614
13,262,57281
13,263,81114
13,264,41663
13,265,2046
13,27,9
13,28,548
13,29,172
13,3,153
13,30,7
13,31,45
13,32,139
13,33,3584
13,34,138
13,35,507
13,36,199
13,37,452
13,38,129
13,39,531
13,4,4673
13,40,939
13,41,16065
13,42,6782
13,43,96352
13,44,24
13,45,9338
13,46,7
13,47,150
13,48,101766
13,49,836
13,5,6
13,50,39278
13,51,264
13,52,1367
13,53,112
13,54,83
13,55,274
13,56,364
13,57,4
13,58,6
13,59,5
13,6,16
13,60,106
13,61,1198
13,62,361
13,63,134
13,64,78
13,65,4755
13,66,2223
13,67,124
13,68,101855
13,69,362
13,7,5127
13,70,1054
13,71,345
13,72,393
13,73,60
13,74,16486
13,75,36864
13,76,996
13,77,184
13,78,166
13,79,67726
13,8,49
13,80,551
13,81,148
13,82,1054
13,83,317
13,84,1
13,85,247
13,86,116
13,87,29682
13,88,17802
13,89,767
13,9,103
13,90,74050
13,91,495
13,92,391
13,93,1104
13,94,60
13,95,918
13,96,35
13,97,2420
13,98,70
14,1,751
14,10,2126
14,100,86851
14,101,160
14,102,116
14,105,10
14,106,393
14,107,91758
14,108,101
14,109,1
14,11,106
14,111,8
14,112,653
14,113,66459
14,114,40247
14,115,11
14,116,3866
14,117,70
14,118,18
14,119,202
14,12,4692
14,120,18
14,121,232
14,122,100
14,123,308
14,124,143
14,125,23769
14,126,95
14,127,386
14,128,53
14,129,1552
14,13,46222
14,130,887
14,131,164
14,132,172782
14,133,245
14,134,488
14,135,227
14,136,186
14,137,51605
14,138,130500
14,139,184
14,14,592
14,140,97232
14,141,113171
14,142,146918
14,143,62308
14,144,41357
14,145,6030
14,146,3468
14,147,120
14,148,25216
14,149,281
14,15,109
14,150,135
14,151,45924
14,152,4583
14,153,96
14,154,42
14,155,338
14,156,10
14,157,412
14,158,37363
14,159,371
14,16,161
14,160,120
14,161,229383
14,162,171454
14,163,140748
14,164,105350
14,165,405
14,166,27498
14,167,191
14,168,943
14,169,219
14,17,723
14,170,149313
14,171,111
14,172,4
14,173,164
14,174,192
14,175,82
14,176,4
14,177,394
14,178,133
14,179,2041
14,18,132
14,180,84
14,181,2193
14,182,157
14,183,52
14,184,14
14,185,139
14,186,152229
14,187,4
14,188,899
14,189,509
14,19,134
14,190,240
14,191,181
14,192,133
14,193,3640
14,194,487
14,195,439
14,196,606
14,197,487
14,198,262
14,199,2
14,2,8
14,20,77
14,200,137
14,201,40
14,202,219
14,203,162
14,205,388
14,206,17
14,207,717
14,208,113
14,209,8969
14,21,212
14,210,258
14,211,39295
14,212,105
14,213,265
14,214,5
14,215,745
14,216,898
14,217,299
14,218,251
14,219,471
14,22,237
14,220,297
14,221,5
14,222,154
14,223,1952
14,224,7355
14,225,571
14,226,5961
14,227,164
14,228,501
14,229,79149
14,23,30
14,230,133211
14,231,73071
14,232,5108
14,233,60471
14,234,148318
14,235,242
14,236,227921
14,237,266192
14,238,103897
14,239,145825
14,24,14279
14,240,20
14,241,133
14,242,459
14,243,678
14,244,4716
14,245,3
14,246,85733
14,247,572
14,248,215
14,249,61593
14,25,3102
14,250,165
14,251,4
14,252,77
14,253,32
14,254,231
14,255,1251
14,256,1128
14,257,192
14,258,129
14,259,98
14,26,475
14,260,1529
14,261,38489
14,262,56285
14,263,84857
14,264,45745
14,265,2040
14,27,13
14,28,569
14,29,156
14,3,131
14,30,1
14,31,45
14,32,158
14,33,3667
14,34,135
14,35,462
14,36,171
14,37,536
14,38,122
14,39,473
14,4,4603
14,40,954
14,41,16760
14,42,6733
14,43,106829
14,44,6
14,45,9619
14,46,16
14,47,226
14,48,100070
14,49,818
14,5,11
14,50,39420
14,51,265
14,52,1396
14,53,95
14,54,85
14,55,227
14,56,354
14,57,7
14,58,11
14,59,10
14,6,11
14,60,91
14,61,1066
14,62,329
14,63,120
14,64,105
14,65,4430
14,66,2303
14,67,97
14,68,104847
14,69,398
14,7,5188
14,70,1134
14,71,333
14,72,321
14,73,44
14,74,17837
14,75,39037
14,76,930
14,77,166
14,78,165
14,79,69842
14,8,69
14,80,527
14,81,124
14,82,1009
14,83,363
14,84,2
14,85,242
14,86,84
14,87,30612
14,88,19254
14,89,759
14,9,126
14,90,77563
14,91,395
14,92,353
14,93,1051
14,94,93
14,95,950
14,96,32
14,97,2497
14,98,144
14,99,1
15,1,803
15,10,2356
15,100,85222
15,101,135
15,102,123
15,105,4
15,106,458
15,107,90976
15,108,83
15,109,2
15,11,108
15,111,4
15,112,647
15,113,68333
15,114,42958
15,115,8
15,116,4136
15,117,80
15,118,18
15,119,216
15,12,4430
15,120,23
15,121,166
15,122,46
15,123,307
15,124,142
15,125,22487
15,126,110
15,127,381
15,128,45
15,129,1535
15,13,44351
15,130,892
15,131,193
15,132,171799
15,133,220
15,134,528
15,135,161
15,136,213
15,137,53318
15,138,143970
15,139,79
15,14,551
15,140,102828
15,141,111406
15,142,147827
15,143,61940
15,144,42194
15,145,5834
15,146,3614
15,147,77
15,148,24549
15,149,205
15,15,70
15,150,117
15,151,45424
15,152,4505
15,153,74
15,154,48
15,155,272
15,156,12
15,157,388
15,158,38896
15,159,407
15,16,239
15,160,126
15,161,222955
15,162,164468
15,163,137564
15,164,102712
15,165,356
15,166,29014
15,167,177
15,168,935
15,169,178
15,17,611
15,170,142006
15,171,87
15,172,5
15,173,106
15,174,183
15,175,47
15,176,1
15,177,263
15,178,121
15,179,1681
15,18,135
15,180,88
15,181,2260
15,182,121
15,183,54
15,184,19
15,185,104
15,186,156889
15,187,1
15,188,697
15,189,470
15,19,120
15,190,240
15,191,157
15,192,134
15,193,3388
15,194,442
15,195,308
15,196,556
15,197,593
15,198,177
15,199,1
15,2,6
15,20,68
15,200,156
15,201,36
15,202,204
15,203,94
15,205,290
15,206,8
15,207,213
15,208,91
15,209,8991
15,21,127
15,210,234
15,211,38887
15,212,105
15,213,251
15,214,12
15,215,732
15,216,1014
15,217,213
15,218,170
15,219,694
15,22,198
15,220,231
15,221,12
15,222,113
15,223,1921
15,224,6613
15,225,492
15,226,5720
15,227,153
15,228,416
15,229,72968
15,23,16
15,230,132004
15,231,70183
15,232,4840
15,233,58705
15,234,148724
15,235,237
15,236,254627
15,237,261270
15,238,112703
15,239,148066
15,24,14043
15,240,21
15,241,123
15,242,431
15,243,603
15,244,4694
15,245,1
15,246,89601
15,247,646
15,248,99
15,249,63381
15,25,3295
15,250,168
15,251,4
15,252,112
15,253,21
15,254,238
15,255,1376
15,256,1272
15,257,121
15,258,135
15,259,79
15,26,440
15,260,1565
15,261,36727
15,262,62278
15,263,86748
15,264,47204
15,265,1935
15,27,10
15,28,597
15,29,154
15,3,112
15,30,4
15,31,58
15,32,131
15,33,3774
15,34,142
15,35,367
15,36,152
15,37,402
15,38,89
15,39,340
15,4,4480
15,40,947
15,41,16517
15,42,6440
15,43,111099
15,44,3
15,45,10263
15,46,32
15,47,171
15,48,96832
15,49,691
15,5,19
15,50,36844
15,51,264
15,52,1311
15,53,71
15,54,79
15,55,189
15,56,328
15,57,10
15,58,10
15,59,5
15,6,10
15,60,92
15,61,863
15,62,296
15,63,152
15,64,73
15,65,4655
15,66,2134
15,67,96
15,68,105682
15,69,423
15,7,4767
15,70,1052
15,71,238
15,72,288
15,73,32
15,74,17766
15,75,40247
15,76,724
15,77,139
15,78,177
15,79,70048
15,8,54
15,80,455
15,81,123
15,82,924
15,83,335
15,85,167
15,86,97
15,87,30698
15,88,19425
15,89,699
15,9,56
15,90,77937
15,91,294
15,92,422
15,93,1011
15,94,61
15,95,884
15,96,24
15,97,2463
15,98,48
15,99,1
16,1,786
16,10,4080
16,100,79785
16,101,98
16,102,91
16,105,6
16,106,402
16,107,84763
16,108,81
16,109,7
16,11,107
16,111,8
16,112,596
16,113,63909
16,114,42611
16,115,1
16,116,3586
16,117,96
16,118,39
16,119,182
16,12,3775
16,120,29
16,121,138
16,122,27
16,123,215
16,124,171
16,125,20068
16,126,107
16,127,335
16,128,28
16,129,1411
16,13,40088
16,130,1618
16,131,125
16,132,175607
16,133,228
16,134,774
16,135,122
16,136,356
16,137,50664
16,138,140782
16,139,72
16,14,453
16,140,90028
16,141,101069
16,142,143474
16,143,56113
16,144,39849
16,145,7207
16,146,3503
16,147,64
16,148,22380
16,149,142
16,15,83
16,150,98
16,151,42465
16,152,4727
16,153,73
16,154,44
16,155,202
16,156,8
16,157,541
16,158,35127
16,159,314
16,16,156
16,160,144
16,161,209426
16,162,165562
16,163,129876
16,164,95710
16,165,262
16,166,27485
16,167,134
16,168,1042
16,169,155
16,17,486
16,170,134068
16,171,95
16,172,4
16,173,99
16,174,180
16,175,41
16,176,2
16,177,221
16,178,96
16,179,1336
16,18,108
16,180,128
16,181,2129
16,182,150
16,183,46
16,184,9
16,185,120
16,186,144985
16,188,577
16,189,430
16,19,91
16,190,228
16,191,145
16,192,88
16,193,3135
16,194,555
16,195,280
16,196,564
16,197,1257
16,198,104
16,2,7
16,20,115
16,200,109
16,201,26
16,202,207
16,203,92
16,204,2
16,205,192
16,206,20
16,207,48
16,208,90
16,209,9026
16,21,117
16,210,171
16,211,35927
16,212,87
16,213,215
16,214,7
16,215,1562
16,216,1283
16,217,165
16,218,137
16,219,937
16,22,199
16,220,191
16,221,10
16,222,108
16,223,1783
16,224,5779
16,225,334
16,226,6015
16,227,170
16,228,449
16,229,66434
16,23,18
16,230,144368
16,231,65407
16,232,4607
16,233,57275
16,234,141616
16,235,177
16,236,217343
16,237,234702
16,238,96715
16,239,137982
16,24,12506
16,240,22
16,241,97
16,242,324
16,243,650
16,244,4071
16,245,6
16,246,83170
16,247,768
16,248,51
16,249,57844
16,25,3705
16,250,155
16,251,6
16,252,111
16,253,18
16,254,102
16,255,1314
16,256,1147
16,257,124
16,258,105
16,259,70
16,26,436
16,260,1587
16,261,32803
16,262,51444
16,263,78810
16,264,44215
16,265,1902
16,27,10
16,28,835
16,29,147
16,3,92
16,30,10
16,31,34
16,32,107
16,33,3493
16,34,115
16,35,243
16,36,123
16,37,357
16,38,54
16,39,260
16,4,4043
16,40,1002
16,41,15009
16,42,6376
16,43,103100
16,45,9762
16,46,30
16,47,109
16,48,103840
16,49,661
16,5,37
16,50,36259
16,51,230
16,52,1288
16,53,83
16,54,90
16,55,144
16,56,528
16,57,11
16,58,18
16,59,5
16,6,10
16,60,83
16,61,758
16,62,226
16,63,140
16,64,59
16,65,4747
16,66,1763
16,67,119
16,68,100634
16,69,366
16,7,4138
16,70,900
16,71,240
16,72,227
16,73,35
16,74,17017
16,75,35288
16,76,528
16,77,106
16,78,139
16,79,67174
16,8,72
16,80,568
16,81,86
16,82,1281
16,83,352
16,85,150
16,86,79
16,87,30791
16,88,19999
16,89,551
16,9,51
16,90,74702
16,91,254
16,92,280
16,93,1947
16,94,60
16,95,744
16,96,28
16,97,2249
16,98,60
16,99,4
17,1,648
17,10,2125
17,100,87274
17,101,93
17,102,93
17,105,10
17,106,426
17,107,100707
17,108,86
17,109,7
17,11,67
17,111,10
17,112,901
17,113,73805
17,114,48111
17,115,4
17,116,4197
17,117,60
17,118,30
17,119,175
17,12,2831
17,120,22
17,121,140
17,122,37
17,123,149
17,124,134
17,125,24940
17,126,148
17,127,436
17,128,36
17,129,1427
17,13,46558
17,130,932
17,131,126
17,132,185592
17,133,283
17,134,507
17,135,153
17,136,274
17,137,54864
17,138,138836
17,139,58
17,14,359
17,140,98710
17,141,116739
17,142,161138
17,143,61305
17,144,44761
17,145,5576
17,146,3866
17,147,90
17,148,26511
17,149,101
17,15,55
17,150,78
17,151,47983
17,152,5892
17,153,87
17,154,26
17,155,153
17,156,7
17,157,274
17,158,41258
17,159,459
17,16,154
17,160,86
17,161,228324
17,162,216168
17,163,149847
17,164,110145
17,165,206
17,166,35316
17,167,160
17,168,1098
17,169,147
17,17,462
17,170,155657
17,171,126
17,172,3
17,173,67
17,174,214
17,175,44
17,176,1
17,177,188
17,178,71
17,179,1315
17,18,138
17,180,83
17,181,2788
17,182,149
17,183,41
17,184,22
17,185,114
17,186,158688
17,187,4
17,188,575
17,189,576
17,19,71
17,190,198
17,191,121
17,192,67
17,193,3022
17,194,382
17,195,299
17,196,315
17,197,432
17,198,109
17,199,1
17,2,8
17,20,125
17,200,130
17,201,34
17,202,212
17,203,101
17,205,170
17,206,42
17,207,48
17,208,110
17,209,11283
17,21,117
17,210,151
17,211,40491
17,212,111
17,213,168
17,214,5
17,215,665
17,216,847
17,217,172
17,218,110
17,219,596
17,22,192
17,220,211
17,221,8
17,222,128
17,223,1598
17,224,6913
17,225,355
17,226,5284
17,227,152
17,228,457
17,229,85673
17,23,9
17,230,173050
17,231,77980
17,232,5262
17,233,73254
17,234,165380
17,235,269
17,236,232781
17,237,257539
17,238,106739
17,239,148710
17,24,14654
17,240,18
17,241,97
17,242,269
17,243,695
17,244,4469
17,245,9
17,246,94752
17,247,980
17,248,45
17,249,65977
17,25,4086
17,250,164
17,251,3
17,252,90
17,253,15
17,254,163
17,255,1929
17,256,1267
17,257,161
17,258,97
17,259,78
17,26,372
17,260,1498
17,261,34430
17,262,59402
17,263,87660
17,264,47901
17,265,1904
17,27,19
17,28,513
17,29,95
17,3,73
17,30,8
17,31,51
17,32,112
17,33,4313
17,34,156
17,35,210
17,36,118
17,37,332
17,38,79
17,39,247
17,4,5042
17,40,1376
17,41,19877
17,42,8065
17,43,105153
17,44,1
17,45,9698
17,46,23
17,47,153
17,48,123579
17,49,810
17,5,22
17,50,38833
17,51,223
17,52,1656
17,53,41
17,54,120
17,55,138
17,56,307
17,57,19
17,58,6
17,59,2
17,6,13
17,60,79
17,61,756
17,62,221
17,63,84
17,64,48
17,65,6052
17,66,2527
17,67,116
17,68,113989
17,69,431
17,7,3787
17,70,867
17,71,356
17,72,187
17,73,21
17,74,18956
17,75,38948
17,76,451
17,77,109
17,78,252
17,79,77767
17,8,51
17,80,560
17,81,102
17,82,849
17,83,341
17,84,2
17,85,176
17,86,74
17,87,39739
17,88,24240
17,89,480
17,9,32
17,90,84568
17,91,268
17,92,290
17,93,1098
17,94,69
17,95,523
17,96,36
17,97,2724
17,98,66
17,99,4
18,1,538
18,10,1716
18,100,101469
18,101,82
18,102,58
18,105,3
18,106,469
18,107,119792
18,108,70
18,109,1
18,11,34
18,111,12
18,112,1034
18,113,85759
18,114,58298
18,115,11
18,116,4694
18,117,70
18,118,18
18,119,176
18,12,2144
18,120,22
18,121,119
18,122,59
18,123,141
18,124,92
18,125,31587
18,126,102
18,127,581
18,128,45
18,129,1144
18,13,52665
18,130,752
18,131,84
18,132,170369
18,133,228
18,134,396
18,135,106
18,136,168
18,137,61525
18,138,135133
18,139,95
18,14,339
18,140,97276
18,141,128980
18,142,183803
18,143,66978
18,144,56690
18,145,5320
18,146,3655
18,147,85
18,148,34935
18,149,73
18,15,26
18,150,71
18,151,50935
18,152,5208
18,153,73
18,154,35
18,155,153
18,156,3
18,157,255
18,158,47722
18,159,413
18,16,85
18,160,80
18,161,250917
18,162,241451
18,163,179470
18,164,124169
18,165,169
18,166,31408
18,167,182
18,168,1020
18,169,154
18,17,624
18,170,175685
18,171,62
18,173,86
18,174,126
18,175,33
18,176,4
18,177,229
18,178,59
18,179,1291
18,18,139
18,180,66
18,181,3523
18,182,142
18,183,32
18,184,12
18,185,151
18,186,178414
18,187,4
18,188,540
18,189,674
18,19,61
18,190,170
18,191,123
18,192,51
18,193,2469
18,194,353
18,195,351
18,196,313
18,197,321
18,198,119
18,199,2
18,2,4
18,20,76
18,200,95
18,201,50
18,202,249
18,203,116
18,204,1
18,205,154
18,206,13
18,207,48
18,208,105
18,209,11677
18,21,98
18,210,126
18,211,48484
18,212,108
18,213,211
18,214,2
18,215,574
18,216,756
18,217,227
18,218,113
18,219,470
18,22,135
18,220,256
18,221,2
18,222,106
18,223,1720
18,224,8161
18,225,426
18,226,4527
18,227,112
18,228,374
18,229,108440
18,23,24
18,230,197565
18,231,94193
18,232,5840
18,233,84885
18,234,185522
18,235,211
18,236,229618
18,237,268909
18,238,115537
18,239,151803
18,24,15188
18,240,18
18,241,108
18,242,209
18,243,792
18,244,4365
18,245,4
18,246,108524
18,247,725
18,248,63
18,249,85078
18,25,4561
18,250,125
18,251,2
18,252,86
18,253,10
18,254,171
18,255,2895
18,256,1790
18,257,147
18,258,70
18,259,69
18,26,292
18,260,1214
18,261,36923
18,262,63295
18,263,98294
18,264,50638
18,265,2315
18,27,11
18,28,473
18,29,82
18,3,88
18,30,9
18,31,28
18,32,79
18,33,5204
18,34,192
18,35,286
18,36,183
18,37,437
18,38,48
18,39,270
18,4,6124
18,40,1634
18,41,19856
18,42,7618
18,43,89722
18,45,9808
18,46,33
18,47,165
18,48,152103
18,49,959
18,5,9
18,50,43450
18,51,260
18,52,1957
18,53,51
18,54,150
18,55,125
18,56,309
18,57,12
18,58,4
18,59,5
18,6,9
18,60,89
18,61,861
18,62,244
18,63,111
18,64,33
18,65,6994
18,66,3760
18,67,86
18,68,133293
18,69,346
18,7,3686
18,70,983
18,71,317
18,72,186
18,73,15
18,74,18812
18,75,36129
18,76,467
18,77,84
18,78,127
18,79,101321
18,8,41
18,80,722
18,81,112
18,82,802
18,83,251
18,84,2
18,85,134
18,86,86
18,87,45981
18,88,26497
18,89,455
18,9,57
18,90,98353
18,91,222
18,92,205
18,93,1129
18,94,75
18,95,463
18,96,30
18,97,3694
18,98,39
18,99,1
19,1,473
19,10,1556
19,100,99553
19,101,63
19,102,54
19,105,5
19,106,527
19,107,118300
19,108,35
19,109,5
19,11,40
19,111,9
19,112,1344
19,113,84764
19,114,62851
19,115,11
19,116,4384
19,117,71
19,118,15
19,119,132
19,12,1541
19,120,24
19,121,72
19,122,33
19,123,82
19,124,79
19,125,32113
19,126,73
19,127,482
19,128,31
19,129,1107
19,13,49525
19,130,853
19,131,71
19,132,163351
19,133,157
19,134,308
19,135,86
19,136,141
19,137,61979
19,138,130200
19,139,69
19,14,298
19,140,87730
19,141,119146
19,142,164145
19,143,55165
19,144,59542
19,145,4676
19,146,3135
19,147,53
19,148,41161
19,149,64
19,15,38
19,150,45
19,151,41744
19,152,4687
19,153,68
19,154,20
19,155,161
19,156,5
19,157,247
19,158,47912
19,159,303
19,16,54
19,160,67
19,161,254971
19,162,229700
19,163,165948
19,164,125137
19,165,131
19,166,26526
19,167,161
19,168,741
19,169,121
19,17,625
19,170,172464
19,171,59
19,173,75
19,174,120
19,175,41
19,176,1
19,177,180
19,178,39
19,179,1109
19,18,114
19,180,55
19,181,3727
19,182,107
19,183,14
19,184,12
19,185,92
19,186,184901
19,187,5
19,188,518
19,189,836
19,19,73
19,190,117
19,191,111
19,192,28
19,193,1982
19,194,274
19,195,295
19,196,328
19,197,250
19,198,95
19,199,2
19,2,6
19,20,72
19,200,72
19,201,32
19,202,208
19,203,99
19,205,135
19,206,15
19,207,48
19,208,96
19,209,11056
19,21,90
19,210,87
19,211,49560
19,212,77
19,213,182
19,214,3
19,215,611
19,216,578
19,217,241
19,218,92
19,219,372
19,22,111
19,220,149
19,221,6
19,222,72
19,223,1401
19,224,7067
19,225,364
19,226,3995
19,227,75
19,228,351
19,229,104785
19,23,15
19,230,187909
19,231,95897
19,232,6162
19,233,76800
19,234,184393
19,235,199
19,236,183174
19,237,229355
19,238,96010
19,239,134658
19,24,13264
19,240,21
19,241,102
19,242,202
19,243,813
19,244,3914
19,245,5
19,246,93078
19,247,586
19,248,71
19,249,94491
19,25,4359
19,250,105
19,251,4
19,252,57
19,253,14
19,254,170
19,255,3351
19,256,2132
19,257,116
19,258,74
19,259,74
19,26,213
19,260,1034
19,261,33688
19,262,50078
19,263,89192
19,264,47218
19,265,2450
19,27,8
19,28,601
19,29,72
19,3,63
19,30,6
19,31,13
19,32,86
19,33,4400
19,34,151
19,35,259
19,36,176
19,37,494
19,38,55
19,39,243
19,4,6184
19,40,1573
19,41,16517
19,42,6158
19,43,75435
19,45,9764
19,46,36
19,47,114
19,48,151303
19,49,905
19,5,13
19,50,40335
19,51,207
19,52,1769
19,53,29
19,54,131
19,55,127
19,56,296
19,57,5
19,58,11
19,59,10
19,6,15
19,60,61
19,61,848
19,62,229
19,63,96
19,64,38
19,65,5641
19,66,2988
19,67,70
19,68,129038
19,69,265
19,7,3328
19,70,1045
19,71,177
19,72,192
19,73,19
19,74,15942
19,75,30775
19,76,453
19,77,92
19,78,123
19,79,115023
19,8,59
19,80,861
19,81,99
19,82,696
19,83,199
19,84,2
19,85,125
19,86,60
19,87,42148
19,88,23526
19,89,406
19,9,64
19,90,98141
19,91,166
19,92,172
19,93,1290
19,94,60
19,95,435
19,96,21
19,97,3993
19,98,32
19,99,1
20,1,281
20,10,1519
20,100,91027
20,101,52
20,102,47
20,105,4
20,106,473
20,107,111796
20,108,34
20,109,2
20,11,64
20,111,7
20,112,1395
20,113,84152
20,114,67548
20,115,11
20,116,3942
20,117,72
20,118,11
20,119,183
20,12,1229
20,120,23
20,121,52
20,122,45
20,123,65
20,124,73
20,125,29411
20,126,60
20,127,397
20,128,28
20,129,1038
20,13,43728
20,130,715
20,131,50
20,132,193902
20,133,132
20,134,277
20,135,105
20,136,117
20,137,56325
20,138,127046
20,139,76
20,14,255
20,140,69318
20,141,102343
20,142,147752
20,143,41037
20,144,59283
20,145,4526
20,146,2821
20,147,55
20,148,47704
20,149,57
20,15,35
20,150,49
20,151,31610
20,152,3780
20,153,69
20,154,15
20,155,108
20,156,9
20,157,299
20,158,47520
20,159,286
20,16,76
20,160,63
20,161,232447
20,162,210848
20,163,140262
20,164,119909
20,165,124
20,166,22953
20,167,108
20,168,637
20,169,105
20,17,686
20,170,155296
20,171,42
20,172,3
20,173,96
20,174,93
20,175,25
20,176,2
20,177,182
20,178,24
20,179,1110
20,18,90
20,180,37
20,181,3913
20,182,117
20,183,26
20,184,8
20,185,63
20,186,157613
20,187,6
20,188,516
20,189,881
20,19,39
20,190,157
20,191,83
20,192,27
20,193,1964
20,194,261
20,195,298
20,196,298
20,197,217
20,198,113
20,199,3
20,2,6
20,20,60
20,200,63
20,201,29
20,202,227
20,203,72
20,204,4
20,205,126
20,206,2
20,207,58
20,208,88
20,209,11494
20,21,32
20,210,84
20,211,45858
20,212,71
20,213,156
20,214,9
20,215,685
20,216,452
20,217,220
20,218,121
20,219,383
20,22,88
20,220,145
20,221,3
20,222,70
20,223,1414
20,224,5367
20,225,371
20,226,3605
20,227,74
20,228,262
20,229,96766
20,23,11
20,230,177917
20,231,90041
20,232,6509
20,233,63976
20,234,175516
20,235,167
20,236,141355
20,237,190894
20,238,72936
20,239,110404
20,24,10636
20,240,15
20,241,123
20,242,82
20,243,796
20,244,3686
20,246,81291
20,247,483
20,248,59
20,249,103297
20,25,4163
20,250,97
20,251,5
20,252,52
20,253,13
20,254,198
20,255,3520
20,256,2394
20,257,127
20,258,78
20,259,65
20,26,195
20,260,942
20,261,30357
20,262,33211
20,263,79333
20,264,42556
20,265,2109
20,27,10
20,28,588
20,29,56
20,3,63
20,30,5
20,31,17
20,32,66
20,33,4180
20,34,102
20,35,238
20,36,150
20,37,453
20,38,49
20,39,229
20,4,6254
20,40,1155
20,41,14415
20,42,5695
20,43,61714
20,44,9
20,45,9723
20,46,24
20,47,126
20,48,148658
20,49,984
20,5,14
20,50,34424
20,51,168
20,52,1415
20,53,34
20,54,122
20,55,110
20,56,334
20,57,10
20,58,6
20,59,4
20,6,9
20,60,94
20,61,857
20,62,251
20,63,75
20,64,43
20,65,4633
20,66,2719
20,67,74
20,68,119300
20,69,247
20,7,3501
20,70,1269
20,71,154
20,72,162
20,73,13
20,74,13924
20,75,24038
20,76,400
20,77,84
20,78,132
20,79,128022
20,8,55
20,80,983
20,81,112
20,82,717
20,83,182
20,84,4
20,85,153
20,86,79
20,87,38935
20,88,21185
20,89,416
20,9,23
20,90,89749
20,91,161
20,92,163
20,93,1350
20,94,74
20,95,395
20,96,23
20,97,3930
20,98,22
20,99,3
21,1,136
21,10,1549
21,100,87728
21,101,49
21,102,53
21,105,7
21,106,579
21,107,113008
21,108,28
21,109,4
21,11,50
21,111,8
21,112,1511
21,113,84203
21,114,83681
21,115,12
21,116,4151
21,117,73
21,118,5
21,119,218
21,12,1169
21,120,32
21,121,69
21,122,33
21,123,68
21,124,77
21,125,28128
21,126,69
21,127,424
21,128,19
21,129,1056
21,13,38151
21,130,758
21,131,35
21,132,183482
21,133,80
21,134,269
21,135,73
21,136,128
21,137,49223
21,138,130452
21,139,37
21,14,243
21,140,51236
21,141,91110
21,142,179767
21,143,34154
21,144,60206
21,145,4838
21,146,2888
21,147,53
21,148,58559
21,149,47
21,15,26
21,150,36
21,151,24440
21,152,3379
21,153,70
21,154,27
21,155,111
21,156,7
21,157,323
21,158,50310
21,159,226
21,16,66
21,160,62
21,161,226001
21,162,200397
21,163,134620
21,164,118279
21,165,123
21,166,21214
21,167,108
21,168,642
21,169,152
21,17,888
21,170,141280
21,171,36
21,172,2
21,173,116
21,174,81
21,175,31
21,177,241
21,178,26
21,179,1167
21,18,135
21,180,53
21,181,5584
21,182,94
21,183,23
21,184,10
21,185,58
21,186,161955
21,187,3
21,188,528
21,189,1180
21,19,20
21,190,170
21,191,130
21,192,35
21,193,1799
21,194,321
21,195,331
21,196,294
21,197,200
21,198,118
21,2,5
21,20,47
21,200,63
21,201,20
21,202,193
21,203,55
21,204,5
21,205,148
21,206,11
21,207,65
21,208,96
21,209,12874
21,21,51
21,210,67
21,211,44427
21,212,104
21,213,171
21,214,7
21,215,677
21,216,482
21,217,293
21,218,107
21,219,316
21,22,72
21,220,175
21,221,3
21,222,147
21,223,1539
21,224,4886
21,225,471
21,226,3687
21,227,80
21,228,275
21,229,94049
21,23,12
21,230,209724
21,231,88221
21,232,7316
21,233,56962
21,234,169911
21,235,174
21,236,114360
21,237,173439
21,238,60552
21,239,105725
21,24,10150
21,240,17
21,241,134
21,242,88
21,243,903
21,244,3473
21,245,1
21,246,72746
21,247,519
21,248,103
21,249,120915
21,25,4264
21,250,78
21,251,13
21,252,43
21,253,17
21,254,192
21,255,4062
21,256,3027
21,257,162
21,258,68
21,259,82
21,26,164
21,260,1017
21,261,26223
21,262,24448
21,263,73747
21,264,43385
21,265,2597
21,27,10
21,28,628
21,29,36
21,3,40
21,30,3
21,31,17
21,32,49
21,33,4088
21,34,86
21,35,327
21,36,218
21,37,585
21,38,39
21,39,238
21,4,7208
21,40,1283
21,41,14188
21,42,5689
21,43,50816
21,44,1
21,45,10202
21,46,39
21,47,117
21,48,175645
21,49,1132
21,5,17
21,50,37303
21,51,111
21,52,1350
21,53,33
21,54,109
21,55,77
21,56,275
21,57,12
21,58,5
21,59,5
21,6,4
21,60,103
21,61,1067
21,62,298
21,63,78
21,64,37
21,65,4430
21,66,2472
21,67,81
21,68,122898
21,69,243
21,7,3980
21,70,1139
21,71,251
21,72,254
21,73,7
21,74,13029
21,75,20049
21,76,448
21,77,126
21,78,87
21,79,154995
21,8,60
21,80,1267
21,81,117
21,82,855
21,83,245
21,84,2
21,85,151
21,86,60
21,87,37721
21,88,19673
21,89,398
21,9,14
21,90,86099
21,91,149
21,92,160
21,93,1627
21,94,93
21,95,347
21,96,51
21,97,4850
21,98,31
21,99,1
22,1,80
22,10,1138
22,100,83631
22,101,37
22,102,50
22,105,5
22,106,757
22,107,110539
22,108,24
22,109,11
22,11,25
22,111,11
22,112,2064
22,113,78225
22,114,87603
22,115,8
22,116,4341
22,117,42
22,118,14
22,119,156
22,12,915
22,120,20
22,121,66
22,122,24
22,123,41
22,124,63
22,125,28283
22,126,71
22,127,513
22,128,36
22,129,1125
22,13,28944
22,130,676
22,131,42
22,132,156212
22,133,113
22,134,219
22,135,73
22,136,103
22,137,43588
22,138,120325
22,139,36
22,14,206
22,140,38567
22,141,74229
22,142,172317
22,143,31015
22,144,59157
22,145,4984
22,146,3253
22,147,56
22,148,73176
22,149,42
22,15,25
22,150,34
22,151,20611
22,152,3407
22,153,61
22,154,25
22,155,79
22,156,5
22,157,305
22,158,50178
22,159,300
22,16,58
22,160,57
22,161,203354
22,162,152039
22,163,124105
22,164,115968
22,165,133
22,166,18207
22,167,81
22,168,637
22,169,98
22,17,1069
22,170,120661
22,171,42
22,172,2
22,173,122
22,174,75
22,175,17
22,176,1
22,177,206
22,178,33
22,179,1250
22,18,62
22,180,36
22,181,7527
22,182,69
22,183,17
22,184,4
22,185,72
22,186,153019
22,187,3
22,188,546
22,189,1498
22,19,49
22,190,198
22,191,213
22,192,20
22,193,1793
22,194,301
22,195,250
22,196,316
22,197,346
22,198,111
22,2,6
22,20,42
22,200,63
22,201,15
22,202,215
22,203,67
22,204,4
22,205,148
22,206,9
22,207,65
22,208,78
22,209,12099
22,21,30
22,210,47
22,211,43625
22,212,80
22,213,143
22,214,5
22,215,519
22,216,375
22,217,444
22,218,110
22,219,305
22,22,77
22,220,131
22,221,8
22,222,51
22,223,1597
22,224,4698
22,225,523
22,226,3507
22,227,70
22,228,344
22,229,77899
22,23,7
22,230,243339
22,231,87527
22,232,8314
22,233,44166
22,234,152832
22,235,133
22,236,77921
22,237,138028
22,238,51180
22,239,90273
22,24,8858
22,240,16
22,241,103
22,242,85
22,243,914
22,244,3798
22,245,4
22,246,63319
22,247,541
22,248,86
22,249,129876
22,25,4795
22,250,70
22,251,5
22,252,29
22,253,27
22,254,105
22,255,5880
22,256,4119
22,257,149
22,258,88
22,259,55
22,26,150
22,260,1027
22,261,20290
22,262,17830
22,263,61919
22,264,39396
22,265,2855
22,27,2
22,28,525
22,29,38
22,3,38
22,30,8
22,31,15
22,32,55
22,33,3874
22,34,93
22,35,262
22,36,324
22,37,688
22,38,39
22,39,244
22,4,8359
22,40,1355
22,41,13957
22,42,5423
22,43,41416
22,44,2
22,45,9668
22,46,36
22,47,126
22,48,201222
22,49,1439
22,5,18
22,50,35545
22,51,112
22,52,1341
22,53,81
22,54,121
22,55,75
22,56,271
22,57,13
22,58,3
22,59,6
22,6,1
22,60,92
22,61,1060
22,62,238
22,63,65
22,64,51
22,65,4543
22,66,2484
22,67,49
22,68,117507
22,69,291
22,7,4365
22,70,825
22,71,188
22,72,185
22,73,9
22,74,12740
22,75,17741
22,76,347
22,77,104
22,78,101
22,79,171604
22,8,53
22,80,1894
22,81,97
22,82,768
22,83,233
22,84,6
22,85,174
22,86,40
22,87,34461
22,88,17532
22,89,490
22,9,92
22,90,77013
22,91,99
22,92,151
22,93,1517
22,94,28
22,95,364
22,96,36
22,97,5583
22,98,15
22,99,1
23,1,49
23,10,845
23,100,69016
23,101,22
23,102,78
23,104,1
23,105,7
23,106,880
23,107,90578
23,108,12
23,109,6
23,11,17
23,111,11
23,112,2747
23,113,60114
23,114,87837
23,115,19
23,116,4390
23,117,43
23,118,3
23,119,152
23,12,688
23,120,36
23,121,51
23,122,36
23,123,39
23,124,31
23,125,22388
23,126,70
23,127,456
23,128,34
23,129,1383
23,13,17226
23,130,478
23,131,39
23,132,142674
23,133,103
23,134,174
23,135,50
23,136,139
23,137,37479
23,138,107292
23,139,42
23,14,198
23,140,27836
23,141,52539
23,142,123369
23,143,21245
23,144,52042
23,145,4910
23,146,3467
23,147,48
23,148,84979
23,149,43
23,15,16
23,150,26
23,151,14239
23,152,2859
23,153,46
23,154,19
23,155,62
23,156,17
23,157,356
23,158,50152
23,159,261
23,16,63
23,160,48
23,161,142976
23,162,97304
23,163,87039
23,164,101654
23,165,97
23,166,13608
23,167,90
23,168,739
23,169,104
23,17,1091
23,170,88643
23,171,32
23,172,2
23,173,120
23,174,126
23,175,10
23,176,3
23,177,145
23,178,20
23,179,1190
23,18,66
23,180,38
23,181,6796
23,182,54
23,183,18
23,184,7
23,185,117
23,186,111067
23,187,3
23,188,514
23,189,1537
23,19,70
23,190,142
23,191,148
23,192,49
23,193,1567
23,194,217
23,195,184
23,196,268
23,197,129
23,198,138
23,2,3
23,20,38
23,200,37
23,201,17
23,202,133
23,203,55
23,204,3
23,205,124
23,206,3
23,207,57
23,208,68
23,209,10377
23,21,30
23,210,70
23,211,38274
23,212,44
23,213,93
23,214,4
23,215,385
23,216,313
23,217,521
23,218,76
23,219,244
23,22,66
23,220,77
23,221,8
23,222,31
23,223,1576
23,224,4173
23,225,498
23,226,3779
23,227,42
23,228,342
23,229,53831
23,23,19
23,230,183592
23,231,67263
23,232,8541
23,233,30642
23,234,120173
23,235,176
23,236,43736
23,237,79939
23,238,34916
23,239,59039
23,24,6716
23,240,20
23,241,79
23,242,176
23,243,977
23,244,3932
23,245,2
23,246,48049
23,247,503
23,248,58
23,249,123027
23,25,4734
23,250,56
23,251,3
23,252,31
23,253,23
23,254,109
23,255,7889
23,256,5371
23,257,150
23,258,45
23,259,41
23,26,247
23,260,1114
23,261,14512
23,262,11836
23,263,45791
23,264,31246
23,265,2760
23,27,4
23,28,424
23,29,43
23,3,24
23,30,4
23,31,15
23,32,61
23,33,2975
23,34,62
23,35,155
23,36,526
23,37,928
23,38,22
23,39,136
23,4,9494
23,40,1399
23,41,12002
23,42,5494
23,43,25556
23,44,2
23,45,8749
23,46,10
23,47,86
23,48,158949
23,49,1599
23,5,6
23,50,32302
23,51,79
23,52,1048
23,53,75
23,54,130
23,55,68
23,56,244
23,57,11
23,58,2
23,59,2
23,6,4
23,60,55
23,61,1141
23,62,316
23,63,62
23,64,22
23,65,4735
23,66,1750
23,67,60
23,68,95755
23,69,227
23,7,4637
23,70,560
23,71,140
23,72,135
23,73,5
23,74,11000
23,75,15543
23,76,245
23,77,75
23,78,65
23,79,162717
23,8,33
23,80,2966
23,81,56
23,82,835
23,83,284
23,84,3
23,85,150
23,86,31
23,87,26371
23,88,14300
23,89,431
23,9,84
23,90,64424
23,91,101
23,92,99
23,93,1390
23,94,31
23,95,357
23,96,22
23,97,5974
23,98,24
23,99,1
