hour_of_day,DOLocationID,dropoff_count
0,1,262
0,10,2948
0,100,30752
0,101,251
0,102,798
0,105,2
0,106,2670
0,107,61470
0,108,262
0,109,86
0,11,330
0,111,71
0,112,13395
0,113,28661
0,114,31902
0,115,99
0,116,16761
0,117,349
0,118,131
0,119,1194
0,12,885
0,120,222
0,121,729
0,122,347
0,123,691
0,124,520
0,125,13043
0,126,736
0,127,4636
0,128,197
0,129,11345
0,13,17053
0,130,1595
0,131,813
0,132,4169
0,133,1983
0,134,1603
0,135,1078
0,136,789
0,137,39457
0,138,1400
0,139,472
0,14,4284
0,140,28191
0,141,51837
0,142,39481
0,143,26669
0,144,28913
0,145,15589
0,146,6296
0,147,780
0,148,56837
0,149,600
0,15,371
0,150,251
0,151,20757
0,152,6938
0,153,244
0,154,31
0,155,647
0,156,74
0,157,1729
0,158,30152
0,159,1949
0,16,684
0,160,1505
0,161,33912
0,162,43370
0,163,37689
0,164,49934
0,165,1011
0,166,13907
0,167,944
0,168,4795
0,169,1011
0,17,8633
0,170,71599
0,171,666
0,172,70
0,173,2151
0,174,572
0,175,331
0,176,33
0,177,1424
0,178,280
0,179,8012
0,18,990
0,180,423
0,181,16678
0,182,811
0,183,288
0,184,31
0,185,615
0,186,58661
0,187,50
0,188,5231
0,189,6248
0,19,283
0,190,856
0,191,675
0,192,319
0,193,2664
0,194,137
0,195,1210
0,196,1915
0,197,1381
0,198,3957
0,2,2
0,20,403
0,200,1157
0,201,252
0,202,2023
0,203,724
0,204,32
0,205,895
0,206,110
0,207,38
0,208,608
0,209,10178
0,21,725
0,210,570
0,211,19449
0,212,1128
0,213,777
0,214,117
0,215,808
0,216,2204
0,217,1153
0,218,1099
0,219,1550
0,22,1025
0,220,1669
0,221,96
0,222,209
0,223,11159
0,224,15423
0,225,6287
0,226,13029
0,227,1425
0,228,3663
0,229,43284
0,23,90
0,230,53216
0,231,38232
0,232,16934
0,233,36830
0,234,44958
0,235,1187
0,236,42400
0,237,32284
0,238,40001
0,239,42306
0,24,9645
0,240,131
0,241,908
0,242,458
0,243,10265
0,244,17423
0,245,62
0,246,35872
0,247,1519
0,248,824
0,249,55189
0,25,8907
0,250,605
0,251,78
0,252,603
0,253,23
0,254,653
0,255,15477
0,256,15479
0,257,2681
0,258,1221
0,259,732
0,26,836
0,260,6582
0,261,14136
0,262,28640
0,263,50249
0,264,24371
0,265,12464
0,27,56
0,28,1534
0,29,416
0,3,376
0,30,22
0,31,149
0,32,461
0,33,10898
0,34,259
0,35,989
0,36,6348
0,37,9288
0,38,307
0,39,1263
0,4,19744
0,40,5291
0,41,23738
0,42,20558
0,43,14013
0,44,29
0,45,7886
0,46,66
0,47,519
0,48,91363
0,49,9487
0,5,36
0,50,32352
0,51,428
0,52,3495
0,53,427
0,54,1299
0,55,461
0,56,1975
0,57,201
0,58,95
0,59,24
0,6,83
0,60,462
0,61,10602
0,62,2606
0,63,671
0,64,434
0,65,7121
0,66,4489
0,67,828
0,68,68131
0,69,2486
0,7,27197
0,70,1788
0,71,950
0,72,996
0,73,283
0,74,23775
0,75,28996
0,76,1806
0,77,544
0,78,530
0,79,100987
0,8,99
0,80,12043
0,81,381
0,82,5647
0,83,2419
0,84,60
0,85,979
0,86,443
0,87,29964
0,88,7958
0,89,5779
0,9,376
0,90,47116
0,91,928
0,92,1800
0,93,960
0,94,469
0,95,5902
0,96,85
0,97,8472
0,98,363
0,99,10
1,1,227
1,10,1551
1,100,17684
1,101,98
1,102,588
1,105,2
1,106,1709
1,107,47203
1,108,196
1,109,46
1,11,274
1,111,52
1,112,8955
1,113,20429
1,114,24380
1,115,131
1,116,12675
1,117,199
1,118,89
1,119,852
1,12,659
1,120,179
1,121,456
1,122,178
1,123,464
1,124,335
1,125,9968
1,126,615
1,127,3175
1,128,98
1,129,9632
1,13,11023
1,130,1102
1,131,443
1,132,2571
1,133,1254
1,134,840
1,135,676
1,136,675
1,137,33860
1,138,908
1,139,329
1,14,2781
1,140,18135
1,141,34103
1,142,23094
1,143,15717
1,144,23109
1,145,10743
1,146,4661
1,147,687
1,148,44105
1,149,397
1,15,200
1,150,183
1,151,12575
1,152,5665
1,153,208
1,154,22
1,155,353
1,156,51
1,157,1450
1,158,20395
1,159,1459
1,16,481
1,160,1082
1,161,20649
1,162,26595
1,163,22759
1,164,33938
1,165,710
1,166,9611
1,167,783
1,168,3872
1,169,746
1,17,6520
1,170,53177
1,171,463
1,172,53
1,173,2243
1,174,422
1,175,219
1,176,20
1,177,930
1,178,207
1,179,5799
1,18,771
1,180,299
1,181,10004
1,182,497
1,183,170
1,184,22
1,185,443
1,186,33586
1,187,21
1,188,3609
1,189,3635
1,19,215
1,190,662
1,191,385
1,192,226
1,193,2124
1,194,90
1,195,838
1,196,1277
1,197,962
1,198,3008
1,2,1
1,20,337
1,200,675
1,201,150
1,202,1236
1,203,426
1,204,18
1,205,584
1,206,77
1,207,21
1,208,436
1,209,7534
1,21,487
1,210,415
1,211,13551
1,212,860
1,213,560
1,214,92
1,215,487
1,216,1258
1,217,923
1,218,679
1,219,832
1,22,866
1,220,997
1,221,62
1,222,131
1,223,8425
1,224,10943
1,225,4705
1,226,10585
1,227,1111
1,228,2925
1,229,28009
1,23,68
1,230,35100
1,231,28521
1,232,12374
1,233,27183
1,234,31827
1,235,870
1,236,22985
1,237,17565
1,238,23466
1,239,24205
1,24,6340
1,240,111
1,241,690
1,242,342
1,243,6688
1,244,12256
1,245,49
1,246,27005
1,247,1309
1,248,636
1,249,41464
1,25,5705
1,250,452
1,251,66
1,252,397
1,253,16
1,254,382
1,255,10856
1,256,11800
1,257,1552
1,258,795
1,259,410
1,26,551
1,260,5714
1,261,10036
1,262,17619
1,263,32687
1,264,17834
1,265,9253
1,27,31
1,28,878
1,29,317
1,3,231
1,30,26
1,31,100
1,32,349
1,33,6184
1,34,164
1,35,695
1,36,5284
1,37,7367
1,38,244
1,39,856
1,4,15513
1,40,3049
1,41,15737
1,42,14769
1,43,7860
1,44,27
1,45,6045
1,46,40
1,47,348
1,48,64326
1,49,6134
1,5,22
1,50,22793
1,51,290
1,52,1979
1,53,282
1,54,789
1,55,339
1,56,1499
1,57,169
1,58,55
1,59,27
1,6,60
1,60,377
1,61,7346
1,62,1852
1,63,520
1,64,263
1,65,4828
1,66,2634
1,67,749
1,68,49677
1,69,1544
1,7,20579
1,70,1133
1,71,639
1,72,672
1,73,209
1,74,17189
1,75,20058
1,76,1164
1,77,329
1,78,361
1,79,81784
1,8,95
1,80,8978
1,81,180
1,82,4978
1,83,2121
1,84,34
1,85,698
1,86,280
1,87,23821
1,88,5859
1,89,4035
1,9,236
1,90,35444
1,91,695
1,92,1184
1,93,450
1,94,338
1,95,3825
1,96,51
1,97,5497
1,98,197
1,99,3
2,1,630
2,10,707
2,100,11679
2,101,53
2,102,449
2,105,1
2,106,1099
2,107,34354
2,108,119
2,109,24
2,11,214
2,111,35
2,112,5821
2,113,13850
2,114,16976
2,115,86
2,116,9447
2,117,104
2,118,61
2,119,714
2,12,528
2,120,139
2,121,297
2,122,104
2,123,382
2,124,208
2,125,7438
2,126,510
2,127,1918
2,128,76
2,129,7390
2,13,7284
2,130,609
2,131,223
2,132,2109
2,133,946
2,134,505
2,135,365
2,136,425
2,137,26420
2,138,1303
2,139,144
2,14,1936
2,140,11694
2,141,22022
2,142,14509
2,143,9463
2,144,16757
2,145,7483
2,146,3368
2,147,489
2,148,30369
2,149,289
2,15,108
2,150,112
2,151,7904
2,152,4165
2,153,114
2,154,16
2,155,228
2,156,30
2,157,1135
2,158,12509
2,159,1193
2,16,290
2,160,816
2,161,11850
2,162,14776
2,163,14242
2,164,23662
2,165,424
2,166,6329
2,167,740
2,168,2859
2,169,596
2,17,4769
2,170,35088
2,171,260
2,172,21
2,173,1809
2,174,338
2,175,87
2,176,13
2,177,817
2,178,152
2,179,4352
2,18,654
2,180,173
2,181,5858
2,182,304
2,183,111
2,184,15
2,185,332
2,186,25163
2,187,20
2,188,2427
2,189,2183
2,19,116
2,190,420
2,191,212
2,192,96
2,193,1598
2,194,41
2,195,792
2,196,934
2,197,649
2,198,2268
2,2,2
2,20,276
2,200,397
2,201,78
2,202,945
2,203,186
2,204,17
2,205,240
2,206,88
2,207,7
2,208,288
2,209,5488
2,21,379
2,210,230
2,211,9504
2,212,649
2,213,423
2,214,140
2,215,261
2,216,652
2,217,736
2,218,300
2,219,385
2,22,699
2,220,674
2,221,49
2,222,65
2,223,6052
2,224,7793
2,225,3855
2,226,8339
2,227,856
2,228,2346
2,229,18946
2,23,49
2,230,24144
2,231,21090
2,232,9619
2,233,19891
2,234,21550
2,235,640
2,236,13559
2,237,10372
2,238,13553
2,239,14360
2,24,4271
2,240,89
2,241,542
2,242,211
2,243,4483
2,244,8815
2,245,22
2,246,20131
2,247,1027
2,248,515
2,249,28996
2,25,3632
2,250,324
2,251,42
2,252,167
2,253,4
2,254,277
2,255,7416
2,256,8654
2,257,915
2,258,484
2,259,351
2,26,510
2,260,4642
2,261,7144
2,262,10538
2,263,21316
2,264,12934
2,265,6604
2,27,14
2,28,557
2,29,199
2,3,120
2,30,9
2,31,55
2,32,257
2,33,3446
2,34,111
2,35,447
2,36,4145
2,37,6319
2,38,94
2,39,463
2,4,11553
2,40,1807
2,41,10412
2,42,10286
2,43,4516
2,44,15
2,45,4820
2,46,20
2,47,227
2,48,46664
2,49,3776
2,5,13
2,50,17486
2,51,228
2,52,1068
2,53,172
2,54,452
2,55,216
2,56,1016
2,57,110
2,58,42
2,59,11
2,6,63
2,60,244
2,61,5247
2,62,1205
2,63,339
2,64,129
2,65,3505
2,66,1590
2,67,624
2,68,36596
2,69,1274
2,7,15291
2,70,801
2,71,412
2,72,372
2,73,129
2,74,12136
2,75,14217
2,76,714
2,77,182
2,78,246
2,79,59504
2,8,60
2,80,6512
2,81,101
2,82,3730
2,83,1668
2,84,21
2,85,461
2,86,141
2,87,19324
2,88,4323
2,89,2837
2,9,187
2,90,25843
2,91,335
2,92,717
2,93,253
2,94,256
2,95,2230
2,96,42
2,97,3520
2,98,120
2,99,1
3,1,2491
3,10,345
3,100,7820
3,101,53
3,102,308
3,105,1
3,106,838
3,107,21959
3,108,137
3,109,17
3,11,153
3,111,12
3,112,4102
3,113,8534
3,114,10131
3,115,66
3,116,7060
3,117,69
3,118,46
3,119,565
3,12,378
3,120,91
3,121,208
3,122,56
3,123,366
3,124,151
3,125,4695
3,126,368
3,127,1343
3,128,38
3,129,5388
3,13,4642
3,130,528
3,131,138
3,132,5204
3,133,661
3,134,349
3,135,236
3,136,369
3,137,17022
3,138,7864
3,139,94
3,14,1647
3,140,8152
3,141,13642
3,142,9477
3,143,6213
3,144,10268
3,145,5801
3,146,2800
3,147,359
3,148,18091
3,149,213
3,15,79
3,150,100
3,151,5594
3,152,3306
3,153,103
3,154,7
3,155,190
3,156,25
3,157,974
3,158,7063
3,159,972
3,16,205
3,160,530
3,161,8842
3,162,10381
3,163,9230
3,164,16844
3,165,317
3,166,4452
3,167,487
3,168,2309
3,169,479
3,17,4195
3,170,22180
3,171,210
3,172,15
3,173,1597
3,174,256
3,175,81
3,176,16
3,177,769
3,178,133
3,179,3447
3,18,526
3,180,116
3,181,3864
3,182,304
3,183,84
3,184,15
3,185,321
3,186,15955
3,187,16
3,188,1885
3,189,1360
3,19,87
3,190,316
3,191,142
3,192,118
3,193,1297
3,194,38
3,195,419
3,196,672
3,197,470
3,198,2001
3,20,289
3,200,284
3,201,55
3,202,732
3,203,108
3,204,11
3,205,180
3,206,41
3,207,8
3,208,222
3,209,3593
3,21,320
3,210,187
3,211,6401
3,212,549
3,213,445
3,214,80
3,215,191
3,216,514
3,217,576
3,218,154
3,219,189
3,22,446
3,220,417
3,221,37
3,222,56
3,223,4824
3,224,5858
3,225,3391
3,226,6810
3,227,695
3,228,1698
3,229,12315
3,23,32
3,230,17620
3,231,13308
3,232,7110
3,233,13193
3,234,14865
3,235,499
3,236,8322
3,237,6604
3,238,8591
3,239,8715
3,24,3138
3,240,90
3,241,431
3,242,229
3,243,3318
3,244,6549
3,245,23
3,246,13643
3,247,817
3,248,348
3,249,17882
3,25,2150
3,250,280
3,251,33
3,252,140
3,253,12
3,254,261
3,255,5256
3,256,6500
3,257,607
3,258,399
3,259,279
3,26,314
3,260,3483
3,261,4908
3,262,6618
3,263,13535
3,264,9864
3,265,4838
3,27,8
3,28,427
3,29,188
3,3,106
3,30,8
3,31,58
3,32,235
3,33,2128
3,34,65
3,35,340
3,36,3400
3,37,5580
3,38,50
3,39,367
3,4,8377
3,40,1099
3,41,7300
3,42,7559
3,43,2921
3,44,23
3,45,3794
3,46,17
3,47,202
3,48,32931
3,49,2845
3,5,17
3,50,13323
3,51,189
3,52,627
3,53,130
3,54,273
3,55,188
3,56,1002
3,57,90
3,58,24
3,59,13
3,6,29
3,60,187
3,61,3909
3,62,846
3,63,267
3,64,100
3,65,2408
3,66,1179
3,67,439
3,68,25828
3,69,1079
3,7,11943
3,70,634
3,71,311
3,72,332
3,73,113
3,74,9520
3,75,11362
3,76,601
3,77,161
3,78,284
3,79,36652
3,8,45
3,80,5078
3,81,88
3,82,3015
3,83,1543
3,84,21
3,85,382
3,86,79
3,87,13995
3,88,2900
3,89,2027
3,9,173
3,90,18681
3,91,257
3,92,532
3,93,221
3,94,254
3,95,1551
3,96,28
3,97,2309
3,98,87
3,99,1
4,1,5438
4,10,503
4,100,7525
4,101,50
4,102,259
4,105,1
4,106,800
4,107,11880
4,108,147
4,109,23
4,11,186
4,111,14
4,112,3184
4,113,4748
4,114,5075
4,115,34
4,116,5531
4,117,61
4,118,34
4,119,549
4,12,327
4,120,80
4,121,264
4,122,62
4,123,332
4,124,121
4,125,2508
4,126,365
4,127,1161
4,128,36
4,129,5118
4,13,3368
4,130,618
4,131,156
4,132,18483
4,133,535
4,134,400
4,135,271
4,136,354
4,137,10104
4,138,32638
4,139,176
4,14,1117
4,140,6980
4,141,8848
4,142,7180
4,143,4044
4,144,5008
4,145,4803
4,146,2707
4,147,335
4,148,9410
4,149,158
4,15,88
4,150,108
4,151,4563
4,152,2818
4,153,107
4,154,25
4,155,318
4,156,19
4,157,1054
4,158,3383
4,159,680
4,16,251
4,160,628
4,161,14124
4,162,9644
4,163,7030
4,164,11314
4,165,331
4,166,3523
4,167,342
4,168,2181
4,169,463
4,17,3706
4,170,13904
4,171,367
4,172,21
4,173,1647
4,174,344
4,175,96
4,176,9
4,177,756
4,178,125
4,179,3635
4,18,488
4,180,126
4,181,2539
4,182,291
4,183,96
4,184,10
4,185,347
4,186,16891
4,187,18
4,188,1661
4,189,870
4,19,135
4,190,298
4,191,186
4,192,133
4,193,1443
4,194,103
4,195,362
4,196,575
4,197,556
4,198,2028
4,20,247
4,200,291
4,201,57
4,202,562
4,203,203
4,204,15
4,205,375
4,206,38
4,207,41
4,208,174
4,209,1948
4,21,292
4,210,198
4,211,3472
4,212,552
4,213,433
4,214,50
4,215,232
4,216,688
4,217,632
4,218,168
4,219,218
4,22,363
4,220,445
4,221,42
4,222,80
4,223,4987
4,224,3132
4,225,2879
4,226,7941
4,227,671
4,228,1572
4,229,6932
4,23,26
4,230,13715
4,231,6997
4,232,4606
4,233,7190
4,234,9356
4,235,534
4,236,6486
4,237,5266
4,238,6795
4,239,5328
4,24,2109
4,240,131
4,241,387
4,242,372
4,243,2571
4,244,5821
4,245,11
4,246,9154
4,247,951
4,248,340
4,249,8777
4,25,1371
4,250,325
4,251,27
4,252,138
4,253,18
4,254,212
4,255,3210
4,256,4285
4,257,467
4,258,389
4,259,301
4,26,363
4,260,3645
4,261,3021
4,262,4421
4,263,8260
4,264,8810
4,265,3953
4,27,7
4,28,477
4,29,149
4,3,72
4,30,4
4,31,63
4,32,249
4,33,1246
4,34,156
4,35,411
4,36,3161
4,37,4994
4,38,61
4,39,399
4,4,5436
4,40,672
4,41,5570
4,42,6071
4,43,2631
4,44,16
4,45,2777
4,46,15
4,47,234
4,48,21756
4,49,2058
4,5,8
4,50,9817
4,51,207
4,52,403
4,53,169
4,54,243
4,55,157
4,56,1152
4,57,90
4,58,19
4,59,14
4,6,33
4,60,224
4,61,3314
4,62,719
4,63,251
4,64,138
4,65,1771
4,66,842
4,67,397
4,68,16546
4,69,1131
4,7,11240
4,70,777
4,71,286
4,72,470
4,73,123
4,74,8378
4,75,11104
4,76,713
4,77,251
4,78,293
4,79,17256
4,8,54
4,80,4311
4,81,56
4,82,3113
4,83,1492
4,84,13
4,85,423
4,86,97
4,87,7099
4,88,2290
4,89,1811
4,9,330
4,90,11366
4,91,289
4,92,660
4,93,508
4,94,238
4,95,1363
4,96,32
4,97,1555
4,98,111
4,99,3
5,1,8053
5,10,879
5,100,11338
5,101,90
5,102,256
5,106,488
5,107,11945
5,108,100
5,109,8
5,11,148
5,111,18
5,112,1830
5,113,5507
5,114,4321
5,115,32
5,116,2878
5,117,94
5,118,35
5,119,339
5,12,411
5,120,59
5,121,307
5,122,94
5,123,327
5,124,205
5,125,2332
5,126,463
5,127,521
5,128,77
5,129,2996
5,13,4449
5,130,935
5,131,308
5,132,36584
5,133,322
5,134,809
5,135,605
5,136,361
5,137,13276
5,138,51082
5,139,267
5,14,733
5,140,16787
5,141,13814
5,142,14476
5,143,5121
5,144,2688
5,145,4134
5,146,2236
5,147,166
5,148,4376
5,149,356
5,15,145
5,150,92
5,151,3139
5,152,1802
5,153,45
5,154,46
5,155,379
5,156,19
5,157,630
5,158,2372
5,159,540
5,16,236
5,160,321
5,161,47086
5,162,26073
5,163,17541
5,164,12403
5,165,666
5,166,4391
5,167,317
5,168,1806
5,169,358
5,17,1722
5,170,20048
5,171,168
5,172,9
5,173,775
5,174,320
5,175,141
5,176,7
5,177,450
5,178,207
5,179,1904
5,18,284
5,180,147
5,181,2053
5,182,168
5,183,90
5,184,19
5,185,198
5,186,29410
5,187,5
5,188,1225
5,189,625
5,19,209
5,190,162
5,191,253
5,192,147
5,193,1450
5,194,180
5,195,318
5,196,563
5,197,1289
5,198,972
5,2,1
5,20,126
5,200,235
5,201,106
5,202,348
5,203,443
5,204,12
5,205,376
5,206,27
5,207,112
5,208,182
5,209,1390
5,21,197
5,210,211
5,211,2174
5,212,339
5,213,311
5,214,34
5,215,395
5,216,1438
5,217,396
5,218,435
5,219,815
5,22,256
5,220,362
5,221,34
5,222,226
5,223,2814
5,224,1771
5,225,1332
5,226,5904
5,227,342
5,228,792
5,229,8014
5,23,109
5,230,32279
5,231,10183
5,232,2467
5,233,7588
5,234,15997
5,235,369
5,236,15068
5,237,14912
5,238,9554
5,239,6768
5,24,1731
5,240,129
5,241,302
5,242,526
5,243,1442
5,244,4390
5,245,16
5,246,14039
5,247,588
5,248,174
5,249,5191
5,25,1425
5,250,315
5,251,15
5,252,149
5,253,19
5,254,365
5,255,1526
5,256,1683
5,257,377
5,258,308
5,259,209
5,26,725
5,260,2396
5,261,2440
5,262,5367
5,263,9803
5,264,10332
5,265,4063
5,27,14
5,28,873
5,29,205
5,3,74
5,30,6
5,31,52
5,32,141
5,33,1143
5,34,545
5,35,342
5,36,1248
5,37,2392
5,38,276
5,39,547
5,4,2479
5,40,458
5,41,4215
5,42,3816
5,43,5118
5,44,5
5,45,1585
5,46,19
5,47,216
5,48,16829
5,49,1071
5,5,8
5,50,7801
5,51,166
5,52,293
5,53,144
5,54,168
5,55,184
5,56,802
5,57,55
5,58,28
5,59,9
5,6,49
5,60,146
5,61,2100
5,62,553
5,63,273
5,64,146
5,65,1503
5,66,621
5,67,184
5,68,16990
5,69,719
5,7,5592
5,70,667
5,71,320
5,72,476
5,73,82
5,74,8011
5,75,12325
5,76,897
5,77,181
5,78,236
5,79,8365
5,8,32
5,80,1949
5,81,76
5,82,1781
5,83,882
5,84,13
5,85,265
5,86,289
5,87,4912
5,88,2877
5,89,1213
5,9,100
5,90,9080
5,91,320
5,92,550
5,93,1785
5,94,138
5,95,1518
5,96,41
5,97,1241
5,98,149
5,99,2
6,1,10986
6,10,1478
6,100,29769
6,101,140
6,102,179
6,105,2
6,106,514
6,107,30521
6,108,142
6,109,6
6,11,111
6,111,14
6,112,1808
6,113,11211
6,114,7587
6,115,34
6,116,2708
6,117,189
6,118,29
6,119,411
6,12,666
6,120,95
6,121,361
6,122,165
6,123,381
6,124,266
6,125,5667
6,126,471
6,127,684
6,128,343
6,129,2774
6,13,19080
6,130,1511
6,131,306
6,132,39988
6,133,376
6,134,1036
6,135,716
6,136,577
6,137,39512
6,138,69664
6,139,342
6,14,955
6,140,64139
6,141,33003
6,142,29843
6,143,17148
6,144,5495
6,145,5405
6,146,2983
6,147,154
6,148,5500
6,149,357
6,15,147
6,150,201
6,151,6091
6,152,3144
6,153,55
6,154,61
6,155,372
6,156,14
6,157,784
6,158,5722
6,159,891
6,16,259
6,160,386
6,161,164999
6,162,88405
6,163,51005
6,164,34131
6,165,540
6,166,12026
6,167,475
6,168,2524
6,169,474
6,17,1480
6,170,54393
6,171,230
6,172,16
6,173,605
6,174,635
6,175,175
6,176,7
6,177,416
6,178,203
6,179,1674
6,18,263
6,180,237
6,181,2938
6,182,197
6,183,61
6,184,28
6,185,267
6,186,61708
6,187,10
6,188,1373
6,189,813
6,19,212
6,190,270
6,191,354
6,192,247
6,193,2239
6,194,482
6,195,569
6,196,743
6,197,2424
6,198,790
6,199,1
6,2,9
6,20,207
6,200,364
6,201,149
6,202,506
6,203,518
6,204,8
6,205,487
6,206,32
6,207,144
6,208,197
6,209,4448
6,21,291
6,210,325
6,211,4717
6,212,229
6,213,362
6,214,29
6,215,818
6,216,2266
6,217,418
6,218,731
6,219,1154
6,22,351
6,220,367
6,221,45
6,222,249
6,223,2754
6,224,2826
6,225,1267
6,226,5750
6,227,352
6,228,912
6,229,19532
6,23,71
6,230,105431
6,231,38914
6,232,4157
6,233,23921
6,234,42547
6,235,381
6,236,43383
6,237,46459
6,238,17245
6,239,17213
6,24,2705
6,240,122
6,241,360
6,242,562
6,243,1449
6,244,11701
6,245,16
6,246,38736
6,247,984
6,248,231
6,249,9599
6,25,2120
6,250,334
6,251,28
6,252,294
6,253,37
6,254,460
6,255,1820
6,256,1690
6,257,652
6,258,403
6,259,204
6,26,917
6,260,2205
6,261,6453
6,262,9884
6,263,15672
6,264,19888
6,265,4497
6,27,16
6,28,1163
6,29,324
6,3,121
6,30,15
6,31,68
6,32,157
6,33,3140
6,34,586
6,35,423
6,36,1004
6,37,1780
6,38,433
6,39,687
6,4,2829
6,40,743
6,41,7310
6,42,5631
6,43,15334
6,44,13
6,45,3249
6,46,20
6,47,376
6,48,35627
6,49,1578
6,5,12
6,50,19515
6,51,223
6,52,655
6,53,229
6,54,186
6,55,261
6,56,1049
6,57,43
6,58,20
6,59,12
6,6,34
6,60,226
6,61,2373
6,62,865
6,63,342
6,64,185
6,65,3221
6,66,1135
6,67,171
6,68,36836
6,69,800
6,7,4709
6,70,861
6,71,445
6,72,438
6,73,237
6,74,18217
6,75,39622
6,76,1132
6,77,250
6,78,351
6,79,11765
6,8,37
6,80,1559
6,81,167
6,82,1835
6,83,839
6,84,12
6,85,428
6,86,332
6,87,12796
6,88,8140
6,89,1361
6,9,120
6,90,15278
6,91,457
6,92,821
6,93,2984
6,94,138
6,95,1873
6,96,47
6,97,2078
6,98,224
6,99,1
7,1,9963
7,10,1945
7,100,56665
7,101,355
7,102,309
7,105,2
7,106,717
7,107,53861
7,108,139
7,109,8
7,11,199
7,111,12
7,112,2157
7,113,25161
7,114,13464
7,115,42
7,116,4688
7,117,154
7,118,43
7,119,628
7,12,3076
7,120,189
7,121,489
7,122,136
7,123,393
7,124,300
7,125,12347
7,126,464
7,127,1281
7,128,561
7,129,3891
7,13,42558
7,130,2166
7,131,355
7,132,36815
7,133,411
7,134,1072
7,135,910
7,136,525
7,137,59566
7,138,68010
7,139,378
7,14,1074
7,140,88661
7,141,52954
7,142,57235
7,143,33550
7,144,10111
7,145,7711
7,146,3261
7,147,320
7,148,8094
7,149,315
7,15,171
7,150,234
7,151,13767
7,152,7088
7,153,143
7,154,66
7,155,352
7,156,17
7,157,772
7,158,13435
7,159,1161
7,16,337
7,160,419
7,161,280554
7,162,190397
7,163,99423
7,164,61495
7,165,596
7,166,28558
7,167,483
7,168,3172
7,169,587
7,17,1505
7,170,108032
7,171,318
7,172,16
7,173,540
7,174,703
7,175,207
7,176,7
7,177,611
7,178,138
7,179,2111
7,18,329
7,180,248
7,181,3444
7,182,270
7,183,55
7,184,48
7,185,349
7,186,80894
7,187,12
7,188,1523
7,189,884
7,19,355
7,190,297
7,191,391
7,192,281
7,193,4078
7,194,827
7,195,943
7,196,935
7,197,1454
7,198,735
7,199,1
7,2,4
7,20,318
7,200,765
7,201,105
7,202,599
7,203,571
7,204,10
7,205,741
7,206,75
7,207,300
7,208,253
7,209,7080
7,21,332
7,210,323
7,211,9309
7,212,238
7,213,477
7,214,25
7,215,1116
7,216,2394
7,217,429
7,218,825
7,219,1128
7,22,355
7,220,608
7,221,30
7,222,302
7,223,3580
7,224,4412
7,225,1219
7,226,6166
7,227,464
7,228,1081
7,229,36787
7,23,41
7,230,146271
7,231,63158
7,232,8472
7,233,49272
7,234,81939
7,235,575
7,236,134125
7,237,113958
7,238,55278
7,239,43152
7,24,7964
7,240,117
7,241,426
7,242,669
7,243,2670
7,244,15630
7,245,26
7,246,62816
7,247,1430
7,248,284
7,249,20573
7,25,3929
7,250,409
7,251,19
7,252,457
7,253,49
7,254,357
7,255,1906
7,256,1594
7,257,557
7,258,430
7,259,171
7,26,818
7,260,2763
7,261,12365
7,262,29061
7,263,32371
7,264,28463
7,265,5575
7,27,23
7,28,1240
7,29,360
7,3,188
7,30,7
7,31,79
7,32,192
7,33,6869
7,34,561
7,35,513
7,36,889
7,37,1482
7,38,400
7,39,832
7,4,5689
7,40,1059
7,41,14754
7,42,11661
7,43,42197
7,44,19
7,45,5892
7,46,23
7,47,512
7,48,54984
7,49,1957
7,5,8
7,50,28497
7,51,342
7,52,1182
7,53,286
7,54,310
7,55,244
7,56,1201
7,57,41
7,58,22
7,59,39
7,6,34
7,60,220
7,61,2378
7,62,764
7,63,380
7,64,184
7,65,5606
7,66,2224
7,67,300
7,68,53112
7,69,1472
7,7,6342
7,70,1214
7,71,704
7,72,488
7,73,136
7,74,35024
7,75,63965
7,76,1396
7,77,507
7,78,384
7,79,21120
7,8,52
7,80,1485
7,81,268
7,82,2014
7,83,854
7,84,8
7,85,513
7,86,285
7,87,24607
7,88,19558
7,89,1681
7,9,180
7,90,28729
7,91,536
7,92,1004
7,93,3246
7,94,173
7,95,2156
7,96,105
7,97,2739
7,98,320
7,99,1
8,1,8664
8,10,1661
8,100,73081
8,101,368
8,102,368
8,105,6
8,106,871
8,107,67406
8,108,123
8,109,18
8,11,178
8,111,22
8,112,2595
8,113,38936
8,114,26030
8,115,30
8,116,5213
8,117,206
8,118,55
8,119,475
8,12,5632
8,120,127
8,121,710
8,122,174
8,123,471
8,124,314
8,125,25391
8,126,553
8,127,1176
8,128,289
8,129,4967
8,13,57345
8,130,2443
8,131,443
8,132,36807
8,133,403
8,134,1475
8,135,804
8,136,703
8,137,56353
8,138,64182
8,139,392
8,14,1065
8,140,94957
8,141,72457
8,142,84827
8,143,39956
8,144,19804
8,145,8421
8,146,3833
8,147,250
8,148,12105
8,149,276
8,15,210
8,150,296
8,151,19907
8,152,6197
8,153,189
8,154,67
8,155,396
8,156,22
8,157,678
8,158,27625
8,159,1197
8,16,433
8,160,605
8,161,273311
8,162,224848
8,163,133379
8,164,85873
8,165,626
8,166,47489
8,167,500
8,168,2548
8,169,548
8,17,1835
8,170,139550
8,171,446
8,172,17
8,173,493
8,174,722
8,175,253
8,176,11
8,177,579
8,178,183
8,179,2066
8,18,397
8,180,280
8,181,4229
8,182,358
8,183,94
8,184,40
8,185,420
8,186,91754
8,187,9
8,188,1392
8,189,1025
8,19,296
8,190,303
8,191,480
8,192,393
8,193,5236
8,194,1011
8,195,1030
8,196,1081
8,197,1512
8,198,750
8,2,4
8,20,435
8,200,861
8,201,109
8,202,601
8,203,507
8,204,11
8,205,772
8,206,33
8,207,296
8,208,348
8,209,11726
8,21,317
8,210,454
8,211,21187
8,212,265
8,213,530
8,214,38
8,215,1054
8,216,2424
8,217,452
8,218,736
8,219,939
8,22,330
8,220,630
8,221,26
8,222,258
8,223,4768
8,224,4464
8,225,1386
8,226,6643
8,227,500
8,228,1512
8,229,56881
8,23,77
8,230,137188
8,231,80307
8,232,8823
8,233,76132
8,234,128549
8,235,614
8,236,161700
8,237,161390
8,238,67383
8,239,70634
8,24,10788
8,240,119
8,241,385
8,242,782
8,243,2548
8,244,14994
8,245,17
8,246,107249
8,247,1584
8,248,230
8,249,36280
8,25,4528
8,250,405
8,251,21
8,252,409
8,253,85
8,254,417
8,255,2725
8,256,2049
8,257,491
8,258,376
8,259,256
8,26,742
8,260,2850
8,261,20675
8,262,30823
8,263,50580
8,264,32145
8,265,6431
8,27,24
8,28,1298
8,29,353
8,3,269
8,30,10
8,31,181
8,32,207
8,33,8987
8,34,793
8,35,733
8,36,845
8,37,1543
8,38,497
8,39,878
8,4,6511
8,40,1443
8,41,17837
8,42,11976
8,43,49897
8,44,79
8,45,12016
8,46,23
8,47,476
8,48,65893
8,49,2195
8,5,8
8,50,40120
8,51,369
8,52,1353
8,53,334
8,54,263
8,55,365
8,56,1071
8,57,66
8,58,48
8,59,21
8,6,21
8,60,265
8,61,2537
8,62,778
8,63,409
8,64,227
8,65,6996
8,66,3782
8,67,291
8,68,75982
8,69,1885
8,7,5534
8,70,1707
8,71,641
8,72,622
8,73,195
8,74,31178
8,75,60455
8,76,1525
8,77,345
8,78,459
8,79,28658
8,8,48
8,80,1433
8,81,227
8,82,2076
8,83,1048
8,84,15
8,85,429
8,86,267
8,87,35587
8,88,33072
8,89,1547
8,9,348
8,90,45577
8,91,556
8,92,1465
8,93,3309
8,94,173
8,95,2458
8,96,64
8,97,3028
8,98,350
8,99,4
9,1,8034
9,10,1627
9,100,72577
9,101,385
9,102,423
9,105,4
9,106,866
9,107,67827
9,108,182
9,109,22
9,11,187
9,111,18
9,112,2851
9,113,47893
9,114,30548
9,115,31
9,116,5024
9,117,247
9,118,57
9,119,555
9,12,6625
9,120,80
9,121,589
9,122,189
9,123,526
9,124,387
9,125,32115
9,126,450
9,127,1017
9,128,243
9,129,5604
9,13,54898
9,130,2305
9,131,534
9,132,30526
9,133,476
9,134,1338
9,135,905
9,136,472
9,137,46964
9,138,61047
9,139,469
9,14,1167
9,140,88808
9,141,78297
9,142,100190
9,143,40439
9,144,27998
9,145,8420
9,146,3797
9,147,328
9,148,17095
9,149,322
9,15,252
9,150,209
9,151,21827
9,152,5246
9,153,101
9,154,71
9,155,557
9,156,24
9,157,706
9,158,29650
9,159,1003
9,16,382
9,160,582
9,161,234579
9,162,187345
9,163,124777
9,164,90645
9,165,596
9,166,38993
9,167,476
9,168,2125
9,169,581
9,17,1881
9,170,135439
9,171,425
9,172,8
9,173,627
9,174,542
9,175,205
9,176,12
9,177,618
9,178,176
9,179,1998
9,18,432
9,180,266
9,181,3943
9,182,319
9,183,115
9,184,43
9,185,422
9,186,104999
9,187,4
9,188,1481
9,189,1032
9,19,286
9,190,528
9,191,577
9,192,407
9,193,4649
9,194,1001
9,195,1085
9,196,1072
9,197,1460
9,198,815
9,2,3
9,20,382
9,200,761
9,201,98
9,202,559
9,203,612
9,204,11
9,205,809
9,206,50
9,207,385
9,208,415
9,209,9747
9,21,341
9,210,477
9,211,29978
9,212,261
9,213,585
9,214,30
9,215,1086
9,216,2293
9,217,622
9,218,751
9,219,935
9,22,335
9,220,777
9,221,34
9,222,274
9,223,4513
9,224,5573
9,225,1450
9,226,5738
9,227,559
9,228,1795
9,229,63131
9,23,114
9,230,126680
9,231,80578
9,232,8171
9,233,73896
9,234,144989
9,235,542
9,236,172925
9,237,183511
9,238,61350
9,239,84609
9,24,8651
9,240,155
9,241,328
9,242,794
9,243,2458
9,244,12442
9,245,23
9,246,115211
9,247,1793
9,248,275
9,249,36900
9,25,3829
9,250,415
9,251,25
9,252,444
9,253,160
9,254,516
9,255,3134
9,256,2634
9,257,442
9,258,550
9,259,254
9,26,855
9,260,2793
9,261,24054
9,262,31567
9,263,54333
9,264,31733
9,265,7154
9,27,38
9,28,1457
9,29,350
9,3,326
9,30,6
9,31,539
9,32,256
9,33,6612
9,34,676
9,35,805
9,36,1008
9,37,1605
9,38,447
9,39,1021
9,4,6954
9,40,1134
9,41,18128
9,42,11857
9,43,63184
9,44,80
9,45,13338
9,46,41
9,47,508
9,48,76276
9,49,2184
9,5,14
9,50,51281
9,51,458
9,52,1006
9,53,359
9,54,287
9,55,429
9,56,1093
9,57,68
9,58,43
9,59,41
9,6,27
9,60,277
9,61,2789
9,62,927
9,63,485
9,64,219
9,65,6800
9,66,5475
9,67,317
9,68,89829
9,69,1453
9,7,6164
9,70,1855
9,71,712
9,72,662
9,73,212
9,74,29595
9,75,53952
9,76,1630
9,77,355
9,78,382
9,79,34413
9,8,85
9,80,1615
9,81,288
9,82,2255
9,83,899
9,84,10
9,85,485
9,86,313
9,87,34589
9,88,31769
9,89,1536
9,9,214
9,90,53345
9,91,743
9,92,1554
9,93,3705
9,94,200
9,95,2622
9,96,79
9,97,2892
9,98,330
9,99,5
10,1,7681
10,10,1957
10,100,73981
10,101,321
10,102,371
10,105,4
10,106,913
10,107,66880
10,108,208
10,109,18
10,11,174
10,111,33
10,112,3293
10,113,52223
10,114,32673
10,115,39
10,116,5406
10,117,232
10,118,69
10,119,631
10,12,6096
10,120,133
10,121,636
10,122,238
10,123,570
10,124,464
10,125,25188
10,126,422
10,127,1161
10,128,192
10,129,6034
10,13,49944
10,130,2442
10,131,595
10,132,28162
10,133,531
10,134,1283
10,135,974
10,136,458
10,137,44692
10,138,60758
10,139,504
10,14,1388
10,140,86652
10,141,88374
10,142,110920
10,143,45928
10,144,33911
10,145,9075
10,146,3586
10,147,324
10,148,22729
10,149,423
10,15,254
10,150,230
10,151,25458
10,152,4922
10,153,114
10,154,68
10,155,674
10,156,33
10,157,833
10,158,38099
10,159,897
10,16,419
10,160,693
10,161,209764
10,162,155588
10,163,120404
10,164,89303
10,165,686
10,166,34537
10,167,464
10,168,1932
10,169,630
10,17,2204
10,170,129628
10,171,466
10,172,22
10,173,620
10,174,540
10,175,234
10,176,18
10,177,686
10,178,230
10,179,2284
10,18,484
10,180,305
10,181,4463
10,182,385
10,183,138
10,184,44
10,185,369
10,186,111296
10,187,19
10,188,1534
10,189,1314
10,19,297
10,190,694
10,191,648
10,192,389
10,193,4705
10,194,976
10,195,1452
10,196,1220
10,197,1595
10,198,827
10,2,3
10,20,402
10,200,853
10,201,150
10,202,691
10,203,771
10,204,9
10,205,802
10,206,54
10,207,511
10,208,477
10,209,9580
10,21,340
10,210,534
10,211,36789
10,212,256
10,213,620
10,214,40
10,215,1101
10,216,2640
10,217,928
10,218,915
10,219,1049
10,22,468
10,220,878
10,221,60
10,222,373
10,223,4530
10,224,7106
10,225,1564
10,226,5662
10,227,519
10,228,1559
10,229,64947
10,23,108
10,230,119017
10,231,69844
10,232,9765
10,233,61060
10,234,131983
10,235,571
10,236,198283
10,237,202991
10,238,72905
10,239,102031
10,24,9846
10,240,143
10,241,388
10,242,606
10,243,3101
10,244,11362
10,245,33
10,246,101237
10,247,1478
10,248,273
10,249,43715
10,25,4033
10,250,347
10,251,44
10,252,509
10,253,147
10,254,495
10,255,4333
10,256,3187
10,257,596
10,258,618
10,259,251
10,26,1045
10,260,2879
10,261,24189
10,262,37867
10,263,60626
10,264,31876
10,265,7989
10,27,38
10,28,1729
10,29,391
10,3,303
10,30,14
10,31,604
10,32,229
10,33,6356
10,34,571
10,35,907
10,36,1105
10,37,1719
10,38,563
10,39,1107
10,4,7982
10,40,1492
10,41,19708
10,42,11831
10,43,80692
10,44,114
10,45,11471
10,46,61
10,47,392
10,48,80132
10,49,2527
10,5,24
10,50,51279
10,51,584
10,52,1188
10,53,365
10,54,388
10,55,528
10,56,1349
10,57,90
10,58,57
10,59,38
10,6,32
10,60,266
10,61,2860
10,62,916
10,63,513
10,64,257
10,65,5787
10,66,5537
10,67,342
10,68,87265
10,69,1159
10,7,7160
10,70,1999
10,71,763
10,72,728
10,73,207
10,74,29163
10,75,49785
10,76,1732
10,77,360
10,78,404
10,79,42854
10,8,79
10,80,1898
10,81,273
10,82,2524
10,83,869
10,84,23
10,85,498
10,86,374
10,87,28679
10,88,24248
10,89,1803
10,9,259
10,90,54322
10,91,872
10,92,1708
10,93,4475
10,94,238
10,95,2863
10,96,69
10,97,3100
10,98,375
10,99,9
11,1,9734
11,10,1882
11,100,76267
11,101,287
11,102,344
11,105,5
11,106,1021
11,107,71949
11,108,208
11,109,33
11,11,218
11,111,31
11,112,3510
11,113,55861
11,114,36539
11,115,33
11,116,5636
11,117,269
11,118,80
11,119,741
11,12,4941
11,120,102
11,121,533
11,122,189
11,123,585
11,124,436
11,125,23380
11,126,343
11,127,1305
11,128,187
11,129,5789
11,13,46495
11,130,2036
11,131,500
11,132,35508
11,133,559
11,134,1254
11,135,831
11,136,414
11,137,43748
11,138,66936
11,139,420
11,14,1381
11,140,81660
11,141,97574
11,142,125239
11,143,49977
11,144,39465
11,145,9423
11,146,3422
11,147,303
11,148,28032
11,149,417
11,15,299
11,150,203
11,151,28607
11,152,5113
11,153,103
11,154,64
11,155,587
11,156,33
11,157,827
11,158,41816
11,159,823
11,16,426
11,160,623
11,161,209105
11,162,149212
11,163,125989
11,164,96007
11,165,655
11,166,33763
11,167,449
11,168,2056
11,169,490
11,17,2112
11,170,132669
11,171,444
11,172,16
11,173,455
11,174,414
11,175,241
11,176,12
11,177,661
11,178,233
11,179,2250
11,18,393
11,180,230
11,181,5203
11,182,387
11,183,147
11,184,47
11,185,350
11,186,113679
11,187,14
11,188,1580
11,189,1456
11,19,260
11,190,730
11,191,499
11,192,327
11,193,4368
11,194,826
11,195,2275
11,196,1160
11,197,1397
11,198,814
11,199,1
11,2,4
11,20,401
11,200,779
11,201,129
11,202,875
11,203,539
11,204,7
11,205,685
11,206,48
11,207,650
11,208,450
11,209,10358
11,21,348
11,210,585
11,211,43136
11,212,288
11,213,648
11,214,45
11,215,868
11,216,2534
11,217,1398
11,218,865
11,219,1004
11,22,497
11,220,1050
11,221,48
11,222,401
11,223,4414
11,224,8776
11,225,1495
11,226,5782
11,227,494
11,228,1319
11,229,71199
11,23,172
11,230,127896
11,231,69402
11,232,11159
11,233,54754
11,234,133168
11,235,545
11,236,208998
11,237,228926
11,238,80411
11,239,113933
11,24,11130
11,240,104
11,241,385
11,242,531
11,243,3467
11,244,9862
11,245,31
11,246,95304
11,247,1750
11,248,254
11,249,52123
11,25,4147
11,250,339
11,251,38
11,252,470
11,253,116
11,254,496
11,255,5319
11,256,4050
11,257,660
11,258,434
11,259,297
11,26,960
11,260,2677
11,261,23296
11,262,43664
11,263,66110
11,264,34628
11,265,8067
11,27,51
11,28,1475
11,29,424
11,3,243
11,30,10
11,31,500
11,32,248
11,33,7002
11,34,465
11,35,802
11,36,1072
11,37,1894
11,38,437
11,39,1048
11,4,9661
11,40,1885
11,41,20171
11,42,11541
11,43,81437
11,44,90
11,45,12100
11,46,71
11,47,385
11,48,96044
11,49,2445
11,5,48
11,50,51784
11,51,617
11,52,1373
11,53,354
11,54,432
11,55,672
11,56,1186
11,57,76
11,58,55
11,59,25
11,6,45
11,60,240
11,61,2683
11,62,859
11,63,442
11,64,233
11,65,5525
11,66,5798
11,67,392
11,68,93194
11,69,1106
11,7,7684
11,70,2006
11,71,773
11,72,669
11,73,178
11,74,29391
11,75,47088
11,76,1596
11,77,400
11,78,445
11,79,54222
11,8,56
11,80,2036
11,81,266
11,82,2328
11,83,910
11,84,27
11,85,402
11,86,327
11,87,26955
11,88,20441
11,89,1755
11,9,223
11,90,57360
11,91,782
11,92,1753
11,93,4435
11,94,197
11,95,2948
11,96,84
11,97,3154
11,98,460
11,99,3
12,1,12832
12,10,2127
12,100,77914
12,101,326
12,102,414
12,105,6
12,106,1075
12,107,78869
12,108,286
12,109,28
12,11,257
12,110,1
12,111,39
12,112,4343
12,113,60541
12,114,40819
12,115,38
12,116,6792
12,117,362
12,118,105
12,119,822
12,12,4046
12,120,122
12,121,570
12,122,225
12,123,666
12,124,555
12,125,23385
12,126,372
12,127,1479
12,128,241
12,129,5879
12,13,44775
12,130,2259
12,131,547
12,132,45873
12,133,659
12,134,1528
12,135,968
12,136,470
12,137,48715
12,138,72069
12,139,554
12,14,1691
12,140,84755
12,141,108852
12,142,138834
12,143,55446
12,144,42274
12,145,10079
12,146,3399
12,147,311
12,148,31559
12,149,551
12,15,413
12,150,263
12,151,33797
12,152,5579
12,153,116
12,154,65
12,155,655
12,156,30
12,157,942
12,158,44967
12,159,904
12,16,595
12,160,805
12,161,205888
12,162,147122
12,163,128854
12,164,100124
12,165,890
12,166,35680
12,167,477
12,168,2046
12,169,522
12,17,2438
12,170,138779
12,171,531
12,172,26
12,173,532
12,174,467
12,175,314
12,176,11
12,177,667
12,178,284
12,179,2698
12,18,474
12,180,283
12,181,6084
12,182,476
12,183,163
12,184,46
12,185,357
12,186,112487
12,187,18
12,188,1848
12,189,1716
12,19,273
12,190,651
12,191,527
12,192,330
12,193,4111
12,194,791
12,195,2294
12,196,1298
12,197,1577
12,198,916
12,2,4
12,20,384
12,200,937
12,201,156
12,202,971
12,203,691
12,204,8
12,205,876
12,206,57
12,207,712
12,208,485
12,209,10874
12,21,418
12,210,763
12,211,46451
12,212,352
12,213,726
12,214,51
12,215,1073
12,216,2916
12,217,1733
12,218,904
12,219,1110
12,22,628
12,220,1222
12,221,66
12,222,432
12,223,4910
12,224,10887
12,225,1715
12,226,5983
12,227,528
12,228,1399
12,229,78113
12,23,171
12,230,144808
12,231,69331
12,232,12847
12,233,57698
12,234,136037
12,235,618
12,236,217852
12,237,248125
12,238,89555
12,239,122454
12,24,12491
12,240,146
12,241,468
12,242,657
12,243,4057
12,244,10701
12,245,33
12,246,91034
12,247,2016
12,248,278
12,249,58561
12,25,4810
12,250,346
12,251,64
12,252,628
12,253,119
12,254,485
12,255,6255
12,256,4898
12,257,834
12,258,532
12,259,353
12,26,1153
12,260,2745
12,261,22108
12,262,49097
12,263,72915
12,264,37111
12,265,8314
12,27,39
12,28,1656
12,29,466
12,3,250
12,30,7
12,31,402
12,32,292
12,33,7899
12,34,482
12,35,883
12,36,1084
12,37,2146
12,38,440
12,39,1197
12,4,11283
12,40,2126
12,41,22276
12,42,12933
12,43,80877
12,44,47
12,45,13010
12,46,68
12,47,421
12,48,109984
12,49,3091
12,5,35
12,50,49243
12,51,736
12,52,1742
12,53,356
12,54,502
12,55,759
12,56,1313
12,57,81
12,58,67
12,59,30
12,6,43
12,60,238
12,61,3116
12,62,1026
12,63,443
12,64,297
12,65,5919
12,66,6335
12,67,396
12,68,99020
12,69,1317
12,7,7912
12,70,2082
12,71,905
12,72,847
12,73,223
12,74,30426
12,75,50209
12,76,1725
12,77,434
12,78,467
12,79,63640
12,8,68
12,80,2493
12,81,310
12,82,2298
12,83,925
12,84,42
12,85,451
12,86,410
12,87,27285
12,88,18761
12,89,1865
12,9,366
12,90,60111
12,91,909
12,92,1843
12,93,4219
12,94,250
12,95,3391
12,96,85
12,97,3559
12,98,643
12,99,9
13,1,15530
13,10,2637
13,100,81622
13,101,436
13,102,535
13,105,7
13,106,1275
13,107,76882
13,108,326
13,109,29
13,11,295
13,110,1
13,111,43
13,112,4659
13,113,58418
13,114,40461
13,115,60
13,116,6993
13,117,408
13,118,107
13,119,650
13,12,3338
13,120,123
13,121,592
13,122,240
13,123,763
13,124,614
13,125,23202
13,126,365
13,127,1800
13,128,237
13,129,6233
13,13,44528
13,130,2224
13,131,643
13,132,60080
13,133,782
13,134,1644
13,135,1047
13,136,565
13,137,49268
13,138,78508
13,139,589
13,14,2032
13,140,87400
13,141,109136
13,142,135171
13,143,58610
13,144,41769
13,145,10240
13,146,3563
13,147,310
13,148,31882
13,149,651
13,15,579
13,150,294
13,151,36481
13,152,5933
13,153,159
13,154,77
13,155,787
13,156,41
13,157,1096
13,158,43012
13,159,902
13,16,710
13,160,898
13,161,200113
13,162,143052
13,163,127004
13,164,99882
13,165,968
13,166,35068
13,167,473
13,168,2340
13,169,598
13,17,2886
13,170,139346
13,171,641
13,172,30
13,173,590
13,174,432
13,175,395
13,176,27
13,177,736
13,178,345
13,179,2918
13,18,497
13,180,354
13,181,7004
13,182,472
13,183,173
13,184,57
13,185,427
13,186,118698
13,187,25
13,188,2114
13,189,2048
13,19,421
13,190,652
13,191,598
13,192,378
13,193,4227
13,194,879
13,195,2024
13,196,1414
13,197,1545
13,198,1109
13,199,1
13,2,10
13,20,421
13,200,1181
13,201,229
13,202,1214
13,203,884
13,204,13
13,205,1045
13,206,78
13,207,753
13,208,516
13,209,11044
13,21,516
13,210,870
13,211,45051
13,212,375
13,213,747
13,214,51
13,215,1236
13,216,3038
13,217,1862
13,218,1191
13,219,1429
13,22,785
13,220,1557
13,221,60
13,222,491
13,223,5107
13,224,12158
13,225,2152
13,226,6278
13,227,590
13,228,1629
13,229,75978
13,23,95
13,230,164537
13,231,68970
13,232,14033
13,233,59234
13,234,128055
13,235,640
13,236,215211
13,237,226817
13,238,92593
13,239,120773
13,24,13174
13,240,114
13,241,521
13,242,612
13,243,4386
13,244,10650
13,245,30
13,246,88608
13,247,1500
13,248,301
13,249,57942
13,25,4991
13,250,369
13,251,48
13,252,642
13,253,92
13,254,599
13,255,6992
13,256,5453
13,257,1068
13,258,659
13,259,422
13,26,1298
13,260,3045
13,261,22452
13,262,53398
13,263,74180
13,264,39428
13,265,9054
13,27,76
13,28,1728
13,29,629
13,3,294
13,30,24
13,31,338
13,32,337
13,33,8321
13,34,498
13,35,1062
13,36,1253
13,37,2296
13,38,599
13,39,1394
13,4,12040
13,40,2520
13,41,23132
13,42,13642
13,43,76047
13,44,25
13,45,12718
13,46,56
13,47,467
13,48,118476
13,49,3516
13,5,30
13,50,50932
13,51,796
13,52,1904
13,53,497
13,54,613
13,55,915
13,56,1395
13,57,135
13,58,75
13,59,28
13,6,52
13,60,249
13,61,3813
13,62,1188
13,63,479
13,64,347
13,65,6209
13,66,6194
13,67,496
13,68,99543
13,69,1421
13,7,8577
13,70,2221
13,71,1010
13,72,1044
13,73,206
13,74,31320
13,75,51946
13,76,2037
13,77,520
13,78,425
13,79,65108
13,8,66
13,80,2750
13,81,331
13,82,2602
13,83,987
13,84,27
13,85,512
13,86,482
13,87,27000
13,88,17689
13,89,2376
13,9,383
13,90,59605
13,91,1083
13,92,1959
13,93,3706
13,94,254
13,95,3863
13,96,94
13,97,4010
13,98,785
13,99,1
14,1,19093
14,10,3398
14,100,87262
14,101,437
14,102,611
14,105,9
14,106,1435
14,107,79642
14,108,423
14,109,52
14,11,307
14,111,32
14,112,5339
14,113,61149
14,114,39057
14,115,71
14,116,8200
14,117,589
14,118,104
14,119,694
14,12,2898
14,120,102
14,121,723
14,122,365
14,123,749
14,124,855
14,125,22508
14,126,430
14,127,2066
14,128,230
14,129,6510
14,13,45032
14,130,2320
14,131,703
14,132,72154
14,133,929
14,134,1679
14,135,1191
14,136,681
14,137,51563
14,138,82014
14,139,754
14,14,2254
14,140,91241
14,141,115146
14,142,139013
14,143,67343
14,144,41358
14,145,10686
14,146,4174
14,147,352
14,148,33096
14,149,628
14,15,556
14,150,416
14,151,41080
14,152,6029
14,153,156
14,154,94
14,155,1055
14,156,52
14,157,1240
14,158,45086
14,159,982
14,16,719
14,160,1133
14,161,198897
14,162,144395
14,163,126177
14,164,105184
14,165,1110
14,166,38391
14,167,558
14,168,2401
14,169,590
14,17,3187
14,170,144083
14,171,705
14,172,40
14,173,725
14,174,437
14,175,436
14,176,19
14,177,897
14,178,414
14,179,3376
14,18,515
14,180,403
14,181,8357
14,182,609
14,183,256
14,184,64
14,185,490
14,186,137519
14,187,31
14,188,2386
14,189,2436
14,19,426
14,190,700
14,191,781
14,192,389
14,193,4551
14,194,939
14,195,1811
14,196,1467
14,197,1723
14,198,1364
14,199,1
14,2,8
14,20,329
14,200,1311
14,201,258
14,202,1382
14,203,929
14,204,18
14,205,1228
14,206,86
14,207,748
14,208,647
14,209,11700
14,21,571
14,210,913
14,211,44080
14,212,413
14,213,864
14,214,53
14,215,1325
14,216,3644
14,217,2105
14,218,1339
14,219,1754
14,22,820
14,220,1647
14,221,63
14,222,480
14,223,5639
14,224,13984
14,225,2374
14,226,7201
14,227,678
14,228,1681
14,229,81816
14,23,96
14,230,148799
14,231,68652
14,232,15529
14,233,63673
14,234,125831
14,235,794
14,236,245226
14,237,230082
14,238,112659
14,239,131855
14,24,15624
14,240,149
14,241,592
14,242,610
14,243,5167
14,244,10728
14,245,34
14,246,89788
14,247,1549
14,248,380
14,249,60551
14,25,5659
14,250,417
14,251,57
14,252,851
14,253,64
14,254,673
14,255,7971
14,256,5908
14,257,1334
14,258,842
14,259,453
14,26,1332
14,260,3317
14,261,22574
14,262,66077
14,263,82695
14,264,43544
14,265,10314
14,27,97
14,28,1720
14,29,597
14,3,414
14,30,27
14,31,280
14,32,431
14,33,9740
14,34,509
14,35,1067
14,36,1451
14,37,2565
14,38,605
14,39,1676
14,4,14061
14,40,2923
14,41,25112
14,42,15120
14,43,79628
14,44,27
14,45,11379
14,46,100
14,47,449
14,48,116365
14,49,3986
14,5,29
14,50,51218
14,51,888
14,52,2228
14,53,652
14,54,696
14,55,1045
14,56,1367
14,57,120
14,58,91
14,59,39
14,6,94
14,60,265
14,61,4276
14,62,1274
14,63,603
14,64,443
14,65,6786
14,66,5944
14,67,532
14,68,102526
14,69,1542
14,7,10173
14,70,2395
14,71,1212
14,72,1150
14,73,243
14,74,33039
14,75,55196
14,76,2220
14,77,511
14,78,515
14,79,67769
14,8,67
14,80,3146
14,81,361
14,82,2620
14,83,1166
14,84,28
14,85,640
14,86,569
14,87,28719
14,88,17367
14,89,2769
14,9,407
14,90,61900
14,91,1262
14,92,2228
14,93,3032
14,94,292
14,95,4720
14,96,101
14,97,4501
14,98,851
14,99,5
15,1,17423
15,10,3472
15,100,86988
15,101,531
15,102,603
15,105,2
15,106,1556
15,107,81130
15,108,422
15,109,40
15,11,324
15,111,47
15,112,5784
15,113,63232
15,114,39399
15,115,58
15,116,8896
15,117,604
15,118,75
15,119,745
15,12,2366
15,120,145
15,121,781
15,122,350
15,123,758
15,124,940
15,125,20882
15,126,386
15,127,2018
15,128,187
15,129,6848
15,13,39910
15,130,2241
15,131,767
15,132,67771
15,133,1021
15,134,1663
15,135,1120
15,136,669
15,137,50573
15,138,75266
15,139,925
15,14,2470
15,140,86675
15,141,125223
15,142,147479
15,143,73512
15,144,39920
15,145,10869
15,146,4171
15,147,421
15,148,33972
15,149,644
15,15,656
15,150,404
15,151,47828
15,152,6188
15,153,157
15,154,84
15,155,1017
15,156,49
15,157,1253
15,158,45974
15,159,1021
15,16,718
15,160,1068
15,161,186213
15,162,137463
15,163,120930
15,164,104752
15,165,1220
15,166,37549
15,167,608
15,168,2538
15,169,659
15,17,3415
15,170,142305
15,171,781
15,172,46
15,173,761
15,174,436
15,175,498
15,176,37
15,177,892
15,178,481
15,179,3428
15,18,525
15,180,458
15,181,8987
15,182,705
15,183,316
15,184,69
15,185,472
15,186,139111
15,187,33
15,188,2596
15,189,2726
15,19,426
15,190,626
15,191,822
15,192,375
15,193,4361
15,194,1251
15,195,1378
15,196,1449
15,197,1774
15,198,1419
15,2,8
15,20,379
15,200,1443
15,201,229
15,202,1614
15,203,1044
15,204,18
15,205,1219
15,206,103
15,207,251
15,208,651
15,209,11240
15,21,634
15,210,935
15,211,41216
15,212,433
15,213,1042
15,214,55
15,215,1345
15,216,3816
15,217,1989
15,218,1277
15,219,1786
15,22,975
15,220,1673
15,221,93
15,222,562
15,223,6055
15,224,16556
15,225,2819
15,226,7236
15,227,719
15,228,1642
15,229,85872
15,23,108
15,230,137069
15,231,66287
15,232,16406
15,233,64384
15,234,120432
15,235,832
15,236,250949
15,237,233730
15,238,118743
15,239,143477
15,24,17123
15,240,125
15,241,518
15,242,513
15,243,5364
15,244,10368
15,245,44
15,246,90124
15,247,1709
15,248,370
15,249,61261
15,25,6224
15,250,414
15,251,52
15,252,843
15,253,52
15,254,781
15,255,8457
15,256,5826
15,257,1421
15,258,916
15,259,491
15,26,1335
15,260,3633
15,261,19998
15,262,73453
15,263,90854
15,264,45153
15,265,10825
15,27,74
15,28,1601
15,29,591
15,3,466
15,30,24
15,31,161
15,32,578
15,33,9774
15,34,453
15,35,1185
15,36,1474
15,37,2645
15,38,593
15,39,1735
15,4,15612
15,40,3225
15,41,28550
15,42,16962
15,43,75677
15,44,15
15,45,9719
15,46,97
15,47,463
15,48,118049
15,49,4255
15,5,35
15,50,49074
15,51,1204
15,52,2604
15,53,473
15,54,767
15,55,925
15,56,1325
15,57,168
15,58,161
15,59,46
15,6,87
15,60,337
15,61,4658
15,62,1586
15,63,606
15,64,467
15,65,6690
15,66,5745
15,67,600
15,68,99489
15,69,1593
15,7,10608
15,70,2527
15,71,1248
15,72,1301
15,73,288
15,74,37172
15,75,55286
15,76,2192
15,77,506
15,78,527
15,79,71718
15,8,87
15,80,3427
15,81,413
15,82,2506
15,83,1198
15,84,29
15,85,780
15,86,589
15,87,27043
15,88,15010
15,89,3132
15,9,366
15,90,62457
15,91,1416
15,92,2294
15,93,2547
15,94,253
15,95,4917
15,96,103
15,97,4718
15,98,876
15,99,4
16,1,12058
16,10,3782
16,100,78773
16,101,493
16,102,621
16,105,4
16,106,1427
16,107,81518
16,108,386
16,109,45
16,11,320
16,110,1
16,111,39
16,112,5750
16,113,62764
16,114,40570
16,115,39
16,116,9508
16,117,599
16,118,95
16,119,742
16,12,1681
16,120,149
16,121,668
16,122,387
16,123,770
16,124,846
16,125,18628
16,126,335
16,127,1978
16,128,166
16,129,6745
16,13,34612
16,130,2284
16,131,845
16,132,69433
16,133,1053
16,134,1502
16,135,1033
16,136,504
16,137,46364
16,138,59785
16,139,581
16,14,2537
16,140,73478
16,141,117778
16,142,144129
16,143,69754
16,144,37618
16,145,10887
16,146,4096
16,147,516
16,148,33791
16,149,660
16,15,622
16,150,296
16,151,47049
16,152,6490
16,153,153
16,154,59
16,155,907
16,156,60
16,157,1222
16,158,45176
16,159,980
16,16,689
16,160,1033
16,161,164611
16,162,123319
16,163,108597
16,164,98183
16,165,1033
16,166,33338
16,167,667
16,168,2578
16,169,702
16,17,3285
16,170,135787
16,171,826
16,172,37
16,173,827
16,174,417
16,175,395
16,176,30
16,177,849
16,178,407
16,179,3451
16,18,583
16,180,340
16,181,9194
16,182,714
16,183,279
16,184,69
16,185,388
16,186,134609
16,187,25
16,188,2435
16,189,2664
16,19,380
16,190,544
16,191,849
16,192,299
16,193,4244
16,194,913
16,195,1157
16,196,1387
16,197,1501
16,198,1494
16,2,4
16,20,382
16,200,1359
16,201,228
16,202,1552
16,203,890
16,204,16
16,205,1158
16,206,85
16,207,108
16,208,581
16,209,10598
16,21,650
16,210,995
16,211,37913
16,212,436
16,213,960
16,214,97
16,215,1234
16,216,3401
16,217,1651
16,218,1237
16,219,1884
16,22,798
16,220,1626
16,221,85
16,222,439
16,223,5580
16,224,17784
16,225,2661
16,226,6658
16,227,781
16,228,1541
16,229,82405
16,23,104
16,230,138809
16,231,58176
16,232,16936
16,233,61883
16,234,111744
16,235,793
16,236,220070
16,237,203672
16,238,114064
16,239,136618
16,24,16703
16,240,119
16,241,609
16,242,470
16,243,5109
16,244,9376
16,245,46
16,246,79427
16,247,1626
16,248,432
16,249,63589
16,25,6212
16,250,413
16,251,56
16,252,803
16,253,40
16,254,640
16,255,8135
16,256,5853
16,257,1368
16,258,899
16,259,389
16,26,1428
16,260,3385
16,261,16857
16,262,70143
16,263,89483
16,264,42707
16,265,10443
16,27,53
16,28,1530
16,29,505
16,3,423
16,30,17
16,31,123
16,32,498
16,33,9493
16,34,349
16,35,1003
16,36,1477
16,37,2725
16,38,490
16,39,1458
16,4,16897
16,40,3362
16,41,29357
16,42,16957
16,43,63367
16,44,23
16,45,8981
16,46,88
16,47,407
16,48,127139
16,49,4389
16,5,23
16,50,48435
16,51,1254
16,52,2588
16,53,486
16,54,787
16,55,850
16,56,1287
16,57,119
16,58,120
16,59,38
16,6,65
16,60,274
16,61,4751
16,62,1411
16,63,666
16,64,460
16,65,5997
16,66,5551
16,67,597
16,68,95725
16,69,1466
16,7,10127
16,70,2615
16,71,968
16,72,1142
16,73,250
16,74,37051
16,75,50179
16,76,1921
16,77,461
16,78,462
16,79,77610
16,8,73
16,80,3611
16,81,421
16,82,2314
16,83,1223
16,84,56
16,85,748
16,86,587
16,87,26348
16,88,12688
16,89,2957
16,9,326
16,90,59722
16,91,1191
16,92,2051
16,93,2519
16,94,270
16,95,4820
16,96,74
16,97,4770
16,98,648
16,99,4
17,1,9314
17,10,4325
17,100,78395
17,101,404
17,102,594
17,105,6
17,106,1863
17,107,105110
17,108,359
17,109,53
17,11,289
17,111,45
17,112,7368
17,113,74141
17,114,54273
17,115,59
17,116,11516
17,117,732
17,118,77
17,119,1009
17,12,1547
17,120,150
17,121,609
17,122,361
17,123,685
17,124,786
17,125,21427
17,126,367
17,127,2514
17,128,203
17,129,6707
17,13,36380
17,130,2245
17,131,792
17,132,54724
17,133,1286
17,134,1551
17,135,1059
17,136,495
17,137,56498
17,138,44296
17,139,697
17,14,2715
17,140,81671
17,141,137921
17,142,176690
17,143,80085
17,144,45202
17,145,11741
17,146,4505
17,147,413
17,148,44522
17,149,583
17,15,519
17,150,354
17,151,53732
17,152,7010
17,153,271
17,154,71
17,155,841
17,156,38
17,157,1128
17,158,55894
17,159,1015
17,16,730
17,160,1092
17,161,165223
17,162,129348
17,163,113126
17,164,105370
17,165,1123
17,166,39466
17,167,681
17,168,2872
17,169,639
17,17,3847
17,170,155723
17,171,824
17,172,43
17,173,813
17,174,414
17,175,378
17,176,39
17,177,879
17,178,384
17,179,4181
17,18,562
17,180,451
17,181,11950
17,182,831
17,183,252
17,184,55
17,185,457
17,186,130856
17,187,29
17,188,2576
17,189,3288
17,19,365
17,190,554
17,191,970
17,192,319
17,193,3731
17,194,815
17,195,1484
17,196,1609
17,197,1479
17,198,1627
17,199,1
17,2,9
17,20,481
17,200,1453
17,201,268
17,202,1917
17,203,938
17,204,14
17,205,1118
17,206,110
17,207,77
17,208,626
17,209,12731
17,21,647
17,210,845
17,211,41043
17,212,506
17,213,1172
17,214,85
17,215,1371
17,216,3059
17,217,1551
17,218,1312
17,219,1998
17,22,769
17,220,1781
17,221,91
17,222,452
17,223,6304
17,224,22136
17,225,3191
17,226,7291
17,227,857
17,228,1817
17,229,98454
17,23,91
17,230,159028
17,231,69069
17,232,21435
17,233,68529
17,234,130029
17,235,1120
17,236,235809
17,237,219555
17,238,129603
17,239,156744
17,24,20004
17,240,96
17,241,628
17,242,498
17,243,5918
17,244,10187
17,245,57
17,246,97842
17,247,1945
17,248,343
17,249,85690
17,25,6987
17,250,344
17,251,67
17,252,784
17,253,49
17,254,717
17,255,10661
17,256,7945
17,257,1862
17,258,906
17,259,402
17,26,1099
17,260,3403
17,261,17240
17,262,80182
17,263,108777
17,264,46601
17,265,10744
17,27,75
17,28,1700
17,29,588
17,3,404
17,30,23
17,31,149
17,32,402
17,33,11933
17,34,311
17,35,1032
17,36,1888
17,37,3040
17,38,596
17,39,1626
17,4,22458
17,40,4431
17,41,35733
17,42,19846
17,43,66000
17,44,24
17,45,11110
17,46,109
17,47,576
17,48,156555
17,49,5493
17,5,34
17,50,55611
17,51,1257
17,52,3721
17,53,511
17,54,1024
17,55,792
17,56,1380
17,57,146
17,58,108
17,59,33
17,6,81
17,60,303
17,61,5252
17,62,1406
17,63,602
17,64,428
17,65,6639
17,66,7297
17,67,647
17,68,110076
17,69,1735
17,7,12037
17,70,2565
17,71,1041
17,72,1307
17,73,236
17,74,40530
17,75,54155
17,76,1839
17,77,522
17,78,455
17,79,108593
17,8,84
17,80,4472
17,81,472
17,82,2380
17,83,1218
17,84,30
17,85,800
17,86,783
17,87,29977
17,88,13186
17,89,3125
17,9,397
17,90,68167
17,91,1178
17,92,2172
17,93,2958
17,94,271
17,95,4958
17,96,75
17,97,6314
17,98,701
17,99,3
18,1,7116
18,10,4342
18,100,77997
18,101,326
18,102,599
18,106,2221
18,107,125053
18,108,357
18,109,62
18,11,316
18,111,77
18,112,10178
18,113,88793
18,114,67945
18,115,45
18,116,13134
18,117,498
18,118,106
18,119,1078
18,12,1402
18,120,143
18,121,699
18,122,338
18,123,836
18,124,688
18,125,24523
18,126,364
18,127,3138
18,128,196
18,129,6843
18,13,38360
18,130,2256
18,131,779
18,132,46935
18,133,1365
18,134,1566
18,135,1063
18,136,512
18,137,66406
18,138,27170
18,139,576
18,14,3310
18,140,88001
18,141,157581
18,142,201519
18,143,88341
18,144,53066
18,145,13790
18,146,4692
18,147,478
18,148,61010
18,149,600
18,15,603
18,150,323
18,151,57389
18,152,7290
18,153,301
18,154,82
18,155,761
18,156,44
18,157,1480
18,158,69389
18,159,1004
18,16,700
18,160,1375
18,161,156139
18,162,124326
18,163,111103
18,164,107061
18,165,1218
18,166,38426
18,167,652
18,168,3049
18,169,692
18,17,4412
18,170,161712
18,171,672
18,172,53
18,173,849
18,174,514
18,175,471
18,176,40
18,177,981
18,178,428
18,179,4697
18,18,647
18,180,413
18,181,15660
18,182,671
18,183,267
18,184,42
18,185,474
18,186,131514
18,187,31
18,188,3042
18,189,4174
18,19,368
18,190,602
18,191,916
18,192,349
18,193,3300
18,194,677
18,195,1916
18,196,1645
18,197,1624
18,198,1824
18,199,2
18,2,3
18,20,318
18,200,1605
18,201,282
18,202,2300
18,203,950
18,204,29
18,205,1016
18,206,116
18,207,81
18,208,717
18,209,15060
18,21,614
18,210,874
18,211,46115
18,212,444
18,213,1049
18,214,80
18,215,1428
18,216,3098
18,217,1400
18,218,1425
18,219,1994
18,22,946
18,220,1907
18,221,123
18,222,415
18,223,7373
18,224,25166
18,225,3654
18,226,7799
18,227,736
18,228,2077
18,229,120277
18,23,126
18,230,184799
18,231,82701
18,232,26663
18,233,73992
18,234,146133
18,235,1023
18,236,245940
18,237,238248
18,238,136764
18,239,176528
18,24,21853
18,240,101
18,241,697
18,242,439
18,243,7298
18,244,12199
18,245,49
18,246,111103
18,247,2162
18,248,451
18,249,112414
18,25,8432
18,250,420
18,251,51
18,252,850
18,253,53
18,254,656
18,255,13756
18,256,10901
18,257,2258
18,258,832
18,259,448
18,26,1146
18,260,3384
18,261,18338
18,262,83773
18,263,125015
18,264,49007
18,265,11562
18,27,58
18,28,1769
18,29,616
18,3,385
18,30,23
18,31,176
18,32,576
18,33,15314
18,34,421
18,35,1116
18,36,2479
18,37,3609
18,38,592
18,39,1453
18,4,28138
18,40,6073
18,41,38409
18,42,22128
18,43,67736
18,44,38
18,45,13696
18,46,101
18,47,568
18,48,172820
18,49,7133
18,5,38
18,50,64629
18,51,956
18,52,4974
18,53,446
18,54,1520
18,55,715
18,56,1271
18,57,144
18,58,123
18,59,29
18,6,77
18,60,323
18,61,5863
18,62,1748
18,63,743
18,64,451
18,65,7343
18,66,9524
18,67,675
18,68,126409
18,69,1930
18,7,13880
18,70,2410
18,71,969
18,72,1113
18,73,231
18,74,40209
18,75,56326
18,76,1953
18,77,537
18,78,460
18,79,151169
18,8,99
18,80,5952
18,81,421
18,82,2330
18,83,1117
18,84,41
18,85,857
18,86,578
18,87,34231
18,88,13948
18,89,3396
18,9,431
18,90,78757
18,91,1048
18,92,2019
18,93,3111
18,94,408
18,95,5477
18,96,72
18,97,8439
18,98,791
18,99,8
19,1,4826
19,10,4717
19,100,74648
19,101,311
19,102,644
19,105,5
19,106,2592
19,107,124401
19,108,332
19,109,75
19,11,426
19,110,1
19,111,74
19,112,11745
19,113,82537
19,114,68706
19,115,90
19,116,13284
19,117,467
19,118,120
19,119,950
19,12,1174
19,120,180
19,121,699
19,122,261
19,123,752
19,124,791
19,125,24710
19,126,489
19,127,3967
19,128,273
19,129,7205
19,13,37772
19,130,2446
19,131,751
19,132,35351
19,133,1488
19,134,1744
19,135,1023
19,136,576
19,137,68156
19,138,14729
19,139,556
19,14,4147
19,140,82292
19,141,150031
19,142,176120
19,143,83719
19,144,52702
19,145,15139
19,146,5082
19,147,384
19,148,64677
19,149,540
19,15,559
19,150,360
19,151,52456
19,152,7245
19,153,196
19,154,64
19,155,746
19,156,43
19,157,1592
19,158,65616
19,159,1141
19,16,772
19,160,1782
19,161,130098
19,162,111359
19,163,98782
19,164,100144
19,165,1117
19,166,33203
19,167,655
19,168,3080
19,169,789
19,17,5108
19,170,154080
19,171,734
19,172,75
19,173,795
19,174,525
19,175,425
19,176,49
19,177,929
19,178,494
19,179,5460
19,18,632
19,180,403
19,181,18633
19,182,776
19,183,244
19,184,41
19,185,504
19,186,126567
19,187,49
19,188,3140
19,189,5055
19,19,372
19,190,659
19,191,760
19,192,303
19,193,3166
19,194,683
19,195,1866
19,196,1950
19,197,1560
19,198,1760
19,199,1
19,2,2
19,20,314
19,200,1882
19,201,309
19,202,2975
19,203,994
19,204,31
19,205,959
19,206,96
19,207,61
19,208,657
19,209,14992
19,21,649
19,210,750
19,211,44793
19,212,469
19,213,956
19,214,95
19,215,1256
19,216,2993
19,217,1337
19,218,1303
19,219,2174
19,22,832
19,220,2424
19,221,93
19,222,319
19,223,7958
19,224,27307
19,225,3748
19,226,8763
19,227,985
19,228,2172
19,229,117874
19,23,134
19,230,170845
19,231,84089
19,232,28046
19,233,74238
19,234,131505
19,235,941
19,236,207458
19,237,190018
19,238,124631
19,239,157453
19,24,21161
19,240,124
19,241,733
19,242,372
19,243,9036
19,244,13631
19,245,90
19,246,95696
19,247,1725
19,248,420
19,249,117118
19,25,9396
19,250,436
19,251,76
19,252,984
19,253,41
19,254,644
19,255,15001
19,256,12886
19,257,2750
19,258,909
19,259,497
19,26,960
19,260,3818
19,261,18296
19,262,82381
19,263,121925
19,264,45669
19,265,11749
19,27,78
19,28,2002
19,29,537
19,3,369
19,30,33
19,31,117
19,32,491
19,33,16813
19,34,376
19,35,910
19,36,2626
19,37,4023
19,38,502
19,39,1364
19,4,28723
19,40,6965
19,41,36917
19,42,22232
19,43,53763
19,44,39
19,45,14322
19,46,77
19,47,560
19,48,171161
19,49,8233
19,5,52
19,50,61451
19,51,741
19,52,5453
19,53,470
19,54,1989
19,55,630
19,56,1336
19,57,155
19,58,131
19,59,25
19,6,92
19,60,293
19,61,6165
19,62,1967
19,63,611
19,64,509
19,65,7713
19,66,9850
19,67,761
19,68,125299
19,69,1836
19,7,15913
19,70,2518
19,71,998
19,72,1039
19,73,245
19,74,37681
19,75,50824
19,76,1570
19,77,466
19,78,421
19,79,163836
19,8,93
19,80,7188
19,81,394
19,82,2613
19,83,1404
19,84,39
19,85,693
19,86,503
19,87,35473
19,88,12753
19,89,3725
19,9,451
19,90,77538
19,91,1140
19,92,2047
19,93,2945
19,94,411
19,95,6543
19,96,82
19,97,9362
19,98,686
19,99,5
20,1,2689
20,10,4898
20,100,64565
20,101,332
20,102,742
20,105,4
20,106,2811
20,107,119728
20,108,326
20,109,85
20,11,567
20,110,1
20,111,77
20,112,13729
20,113,74255
20,114,58264
20,115,101
20,116,14736
20,117,480
20,118,128
20,119,979
20,12,1103
20,120,203
20,121,788
20,122,277
20,123,790
20,124,784
20,125,22387
20,126,520
20,127,4553
20,128,271
20,129,8334
20,13,39126
20,130,2629
20,131,863
20,132,23401
20,133,1818
20,134,2229
20,135,1179
20,136,581
20,137,67366
20,138,7345
20,139,502
20,14,5388
20,140,76778
20,141,138442
20,142,125910
20,143,79460
20,144,46052
20,145,17934
20,146,6274
20,147,393
20,148,61240
20,149,659
20,15,615
20,150,338
20,151,51027
20,152,6788
20,153,219
20,154,53
20,155,818
20,156,50
20,157,1793
20,158,57071
20,159,1092
20,16,895
20,160,2188
20,161,101928
20,162,103243
20,163,82397
20,164,95886
20,165,1243
20,166,30303
20,167,789
20,168,3530
20,169,817
20,17,6037
20,170,155884
20,171,922
20,172,257
20,173,805
20,174,588
20,175,563
20,176,75
20,177,941
20,178,465
20,179,6733
20,18,869
20,180,376
20,181,23216
20,182,986
20,183,358
20,184,54
20,185,613
20,186,118861
20,187,35
20,188,3815
20,189,6547
20,19,404
20,190,709
20,191,930
20,192,364
20,193,3270
20,194,581
20,195,1750
20,196,2083
20,197,1792
20,198,2246
20,199,3
20,2,4
20,20,305
20,200,2367
20,201,300
20,202,3218
20,203,972
20,204,58
20,205,842
20,206,115
20,207,72
20,208,760
20,209,14968
20,21,715
20,210,840
20,211,38404
20,212,509
20,213,1119
20,214,123
20,215,1375
20,216,3134
20,217,1338
20,218,1421
20,219,2312
20,22,997
20,220,3159
20,221,109
20,222,321
20,223,9957
20,224,29773
20,225,4602
20,226,10151
20,227,1258
20,228,2883
20,229,111640
20,23,149
20,230,111595
20,231,77459
20,232,26838
20,233,73224
20,234,111515
20,235,934
20,236,176023
20,237,141707
20,238,116591
20,239,134061
20,24,19416
20,240,128
20,241,850
20,242,415
20,243,11941
20,244,15425
20,245,86
20,246,77588
20,247,1382
20,248,483
20,249,105132
20,25,11496
20,250,458
20,251,94
20,252,924
20,253,59
20,254,690
20,255,16970
20,256,14445
20,257,3506
20,258,1107
20,259,593
20,26,944
20,260,4389
20,261,20324
20,262,82279
20,263,114003
20,264,41762
20,265,12492
20,27,94
20,28,2457
20,29,482
20,3,417
20,30,24
20,31,133
20,32,545
20,33,19981
20,34,293
20,35,984
20,36,3033
20,37,4999
20,38,506
20,39,1325
20,4,28514
20,40,7862
20,41,35562
20,42,23664
20,43,44530
20,44,38
20,45,12993
20,46,102
20,47,501
20,48,149881
20,49,10291
20,5,68
20,50,59447
20,51,671
20,52,6416
20,53,549
20,54,2206
20,55,704
20,56,1724
20,57,159
20,58,141
20,59,25
20,6,133
20,60,324
20,61,7969
20,62,2006
20,63,566
20,64,632
20,65,9547
20,66,9360
20,67,872
20,68,113493
20,69,2008
20,7,19803
20,70,2677
20,71,895
20,72,1105
20,73,308
20,74,36281
20,75,50304
20,76,1636
20,77,428
20,78,472
20,79,150848
20,8,97
20,80,8310
20,81,449
20,82,3042
20,83,1551
20,84,46
20,85,769
20,86,513
20,87,38488
20,88,12707
20,89,4862
20,9,495
20,90,74496
20,91,1161
20,92,2093
20,93,3825
20,94,433
20,95,8077
20,96,123
20,97,10576
20,98,662
20,99,7
21,1,1282
21,10,5041
21,100,60291
21,101,348
21,102,822
21,105,4
21,106,3208
21,107,119351
21,108,417
21,109,78
21,11,508
21,111,88
21,112,16086
21,113,69501
21,114,54321
21,115,95
21,116,16267
21,117,503
21,118,168
21,119,996
21,12,1024
21,120,243
21,121,834
21,122,279
21,123,787
21,124,716
21,125,21138
21,126,556
21,127,5707
21,128,302
21,129,9157
21,13,39732
21,130,2603
21,131,858
21,132,14830
21,133,2193
21,134,2226
21,135,1334
21,136,675
21,137,70801
21,138,3361
21,139,537
21,14,6210
21,140,73071
21,141,133416
21,142,114236
21,143,76924
21,144,41946
21,145,20503
21,146,7099
21,147,538
21,148,61196
21,149,628
21,15,623
21,150,362
21,151,50678
21,152,7324
21,153,256
21,154,57
21,155,808
21,156,69
21,157,1878
21,158,52030
21,159,1225
21,16,992
21,160,1974
21,161,97580
21,162,102130
21,163,86132
21,164,95798
21,165,1327
21,166,30455
21,167,859
21,168,3757
21,169,990
21,17,7548
21,170,155968
21,171,916
21,172,123
21,173,942
21,174,590
21,175,591
21,176,77
21,177,1042
21,178,439
21,179,7982
21,18,856
21,180,407
21,181,27235
21,182,838
21,183,337
21,184,43
21,185,648
21,186,112753
21,187,72
21,188,4714
21,189,8595
21,19,399
21,190,917
21,191,803
21,192,414
21,193,3389
21,194,396
21,195,1861
21,196,2346
21,197,1873
21,198,2877
21,199,1
21,2,2
21,20,349
21,200,2490
21,201,359
21,202,3372
21,203,912
21,204,57
21,205,912
21,206,156
21,207,92
21,208,874
21,209,15929
21,21,805
21,210,842
21,211,34325
21,212,545
21,213,1150
21,214,106
21,215,1233
21,216,3123
21,217,1566
21,218,1348
21,219,2194
21,22,1159
21,220,3511
21,221,150
21,222,342
21,223,11179
21,224,31134
21,225,5629
21,226,11424
21,227,1275
21,228,3370
21,229,112727
21,23,155
21,230,113573
21,231,76027
21,232,26245
21,233,78036
21,234,98018
21,235,1087
21,236,170917
21,237,129787
21,238,115031
21,239,128966
21,24,19137
21,240,131
21,241,1064
21,242,527
21,243,14288
21,244,17859
21,245,107
21,246,69894
21,247,1578
21,248,580
21,249,98095
21,25,13513
21,250,481
21,251,149
21,252,997
21,253,50
21,254,713
21,255,19506
21,256,16486
21,257,4426
21,258,1218
21,259,685
21,26,996
21,260,4820
21,261,22406
21,262,82606
21,263,108738
21,264,42978
21,265,14283
21,27,94
21,28,2627
21,29,602
21,3,462
21,30,37
21,31,153
21,32,530
21,33,23052
21,34,306
21,35,1002
21,36,3628
21,37,6258
21,38,422
21,39,1258
21,4,28682
21,40,9096
21,41,36096
21,42,25399
21,43,45075
21,44,39
21,45,11578
21,46,104
21,47,541
21,48,149715
21,49,12293
21,5,95
21,50,57784
21,51,868
21,52,7299
21,53,539
21,54,2406
21,55,746
21,56,1773
21,57,185
21,58,165
21,59,22
21,6,153
21,60,356
21,61,9817
21,62,2549
21,63,602
21,64,542
21,65,11207
21,66,8989
21,67,1088
21,68,111434
21,69,2299
21,7,22841
21,70,2749
21,71,911
21,72,981
21,73,319
21,74,34390
21,75,50937
21,76,1494
21,77,429
21,78,511
21,79,145679
21,8,104
21,80,10442
21,81,463
21,82,3484
21,83,1718
21,84,50
21,85,867
21,86,506
21,87,44278
21,88,12839
21,89,5568
21,9,551
21,90,75623
21,91,1170
21,92,2104
21,93,3336
21,94,315
21,95,9110
21,96,132
21,97,12508
21,98,731
21,99,12
22,1,726
22,10,4356
22,100,54171
22,101,305
22,102,820
22,105,5
22,106,3541
22,107,110995
22,108,405
22,109,70
22,11,419
22,111,121
22,112,17781
22,113,60674
22,114,48091
22,115,92
22,116,19053
22,117,461
22,118,185
22,119,1103
22,12,1185
22,120,218
22,121,912
22,122,305
22,123,878
22,124,749
22,125,20685
22,126,674
22,127,6397
22,128,318
22,129,10322
22,13,36535
22,130,2284
22,131,969
22,132,9724
22,133,2568
22,134,1923
22,135,1382
22,136,807
22,137,67488
22,138,2446
22,139,515
22,14,6378
22,140,63963
22,141,116095
22,142,98228
22,143,65650
22,144,40995
22,145,21188
22,146,7745
22,147,597
22,148,63942
22,149,759
22,15,590
22,150,343
22,151,44717
22,152,8106
22,153,283
22,154,51
22,155,789
22,156,97
22,157,1786
22,158,49340
22,159,1502
22,16,1215
22,160,1874
22,161,86264
22,162,92375
22,163,80809
22,164,89988
22,165,1439
22,166,28971
22,167,855
22,168,4218
22,169,1010
22,17,9169
22,170,139864
22,171,844
22,172,106
22,173,1138
22,174,709
22,175,525
22,176,59
22,177,1202
22,178,451
22,179,8928
22,18,871
22,180,486
22,181,28764
22,182,929
22,183,382
22,184,34
22,185,608
22,186,99934
22,187,66
22,188,5430
22,189,9288
22,19,432
22,190,1138
22,191,843
22,192,420
22,193,3219
22,194,295
22,195,1988
22,196,2604
22,197,1875
22,198,3448
22,2,2
22,20,377
22,200,2353
22,201,372
22,202,3302
22,203,846
22,204,64
22,205,994
22,206,127
22,207,61
22,208,875
22,209,15768
22,21,781
22,210,789
22,211,32051
22,212,747
22,213,973
22,214,115
22,215,1163
22,216,2919
22,217,1640
22,218,1327
22,219,2068
22,22,1359
22,220,3387
22,221,130
22,222,292
22,223,12908
22,224,28886
22,225,6496
22,226,12578
22,227,1558
22,228,4040
22,229,99475
22,23,144
22,230,104125
22,231,71397
22,232,25781
22,233,71324
22,234,84473
22,235,1170
22,236,135938
22,237,106214
22,238,99260
22,239,110811
22,24,18298
22,240,183
22,241,1038
22,242,520
22,243,15546
22,244,20424
22,245,107
22,246,63960
22,247,1559
22,248,750
22,249,91142
22,25,14577
22,250,656
22,251,120
22,252,850
22,253,42
22,254,610
22,255,22226
22,256,18744
22,257,4728
22,258,1159
22,259,785
22,26,1078
22,260,5524
22,261,22489
22,262,69379
22,263,97944
22,264,39290
22,265,14584
22,27,77
22,28,2296
22,29,600
22,3,450
22,30,28
22,31,131
22,32,549
22,33,22781
22,34,278
22,35,944
22,36,4815
22,37,7976
22,38,392
22,39,1414
22,4,28407
22,40,9822
22,41,36228
22,42,27007
22,43,39057
22,44,47
22,45,11094
22,46,100
22,47,540
22,48,145305
22,49,14032
22,5,95
22,50,54584
22,51,631
22,52,7278
22,53,543
22,54,2419
22,55,720
22,56,1635
22,57,173
22,58,155
22,59,31
22,6,163
22,60,406
22,61,11727
22,62,2954
22,63,760
22,64,522
22,65,11547
22,66,8607
22,67,1061
22,68,108836
22,69,2306
22,7,27302
22,70,2617
22,71,947
22,72,928
22,73,364
22,74,32639
22,75,47523
22,76,1796
22,77,456
22,78,554
22,79,142201
22,8,122
22,80,13121
22,81,395
22,82,3878
22,83,1848
22,84,68
22,85,837
22,86,479
22,87,43997
22,88,12356
22,89,6673
22,9,446
22,90,73571
22,91,1175
22,92,2100
22,93,2408
22,94,365
22,95,9402
22,96,128
22,97,13051
22,98,564
22,99,10
23,1,462
23,10,4024
23,100,43768
23,101,311
23,102,993
23,105,5
23,106,3340
23,107,85980
23,108,318
23,109,86
23,11,475
23,111,97
23,112,17086
23,113,44165
23,114,41212
23,115,89
23,116,18738
23,117,374
23,118,144
23,119,1241
23,12,1124
23,120,280
23,121,873
23,122,399
23,123,770
23,124,667
23,125,17486
23,126,751
23,127,6396
23,128,270
23,129,11448
23,13,26496
23,130,2039
23,131,1125
23,132,6552
23,133,2417
23,134,1740
23,135,1458
23,136,880
23,137,53907
23,138,1948
23,139,523
23,14,5458
23,140,45960
23,141,81877
23,142,65165
23,143,43865
23,144,35567
23,145,18203
23,146,7370
23,147,795
23,148,64476
23,149,685
23,15,536
23,150,346
23,151,32320
23,152,8132
23,153,326
23,154,49
23,155,716
23,156,101
23,157,1926
23,158,41199
23,159,1833
23,16,842
23,160,1759
23,161,59503
23,162,68261
23,163,60586
23,164,71693
23,165,1348
23,166,21268
23,167,1002
23,168,4826
23,169,981
23,17,9864
23,170,104392
23,171,780
23,172,96
23,173,1697
23,174,631
23,175,432
23,176,40
23,177,1354
23,178,356
23,179,8892
23,18,1049
23,180,548
23,181,24160
23,182,852
23,183,334
23,184,38
23,185,683
23,186,75542
23,187,45
23,188,5912
23,189,8153
23,19,368
23,190,1106
23,191,840
23,192,436
23,193,2861
23,194,259
23,195,1772
23,196,2431
23,197,1954
23,198,4133
23,2,6
23,20,441
23,200,1667
23,201,334
23,202,2555
23,203,816
23,204,54
23,205,920
23,206,122
23,207,48
23,208,778
23,209,13576
23,21,771
23,210,799
23,211,26298
23,212,1052
23,213,1041
23,214,109
23,215,1119
23,216,2968
23,217,1498
23,218,1254
23,219,1896
23,22,1348
23,220,2624
23,221,114
23,222,362
23,223,12603
23,224,22302
23,225,6831
23,226,13144
23,227,1712
23,228,4313
23,229,67740
23,23,110
23,230,79964
23,231,54785
23,232,21996
23,233,53535
23,234,63884
23,235,1433
23,236,80211
23,237,63828
23,238,66914
23,239,72267
23,24,14552
23,240,171
23,241,1077
23,242,493
23,243,14204
23,244,20941
23,245,91
23,246,50815
23,247,2064
23,248,759
23,249,73633
23,25,12272
23,250,774
23,251,87
23,252,816
23,253,24
23,254,791
23,255,20425
23,256,18199
23,257,3779
23,258,1282
23,259,840
23,26,981
23,260,6195
23,261,19083
23,262,45832
23,263,73449
23,264,32160
23,265,13982
23,27,61
23,28,1914
23,29,523
23,3,515
23,30,44
23,31,174
23,32,491
23,33,17041
23,34,335
23,35,1091
23,36,6314
23,37,9389
23,38,366
23,39,1577
23,4,24439
23,40,7967
23,41,31337
23,42,25735
23,43,25687
23,44,31
23,45,9815
23,46,75
23,47,664
23,48,122186
23,49,13023
23,5,46
23,50,45755
23,51,653
23,52,5484
23,53,561
23,54,1837
23,55,579
23,56,1845
23,57,205
23,58,127
23,59,29
23,6,138
23,60,515
23,61,12100
23,62,2879
23,63,835
23,64,569
23,65,9799
23,66,6381
23,67,997
23,68,90484
23,69,2499
23,7,29139
23,70,2304
23,71,1014
23,72,1077
23,73,334
23,74,30246
23,75,39907
23,76,1791
23,77,588
23,78,595
23,79,124672
23,8,128
23,80,14021
23,81,369
23,82,4877
23,83,2244
23,84,59
23,85,953
23,86,534
23,87,38121
23,88,10541
23,89,6385
23,9,458
23,90,61268
23,91,1273
23,92,1948
23,93,1536
23,94,565
23,95,7751
23,96,119
23,97,11754
23,98,484
23,99,4
